source,context,english,arabic,reviewer_notes
"locales","brand","UniDojo","يوني دوجو",""
"locales","wordmark","Learn money. Keep your choices.","تعلّم المال. واحتفظ بحرية الاختيار.",""
"locales","skip","Skip","تخطَّ",""
"locales","continue","Continue","متابعة",""
"locales","back","Back","رجوع",""
"locales","home","Home","الرئيسية",""
"locales","learn","Learn","تعلّم",""
"locales","society","Society","الجمعية",""
"locales","profile","Profile","الملف الشخصي",""
"locales","settings","Settings","الإعدادات",""
"locales","greeting","Good afternoon","مساء الخير",""
"locales","continueLearning","Continue learning","تابع التعلّم",""
"locales","weeklyProgress","This week","هذا الأسبوع",""
"locales","minutes","min","دقائق",""
"locales","lessons","lessons","دروس",""
"locales","start","Start lesson","ابدأ الدرس",""
"locales","next","Next","التالي",""
"locales","check","Check answer","تحقّق من الإجابة",""
"locales","correct","That’s it","إجابة موفّقة",""
"locales","incorrect","Have another look","لنراجع الفكرة",""
"locales","finish","See my result","اعرض نتيجتي",""
"locales","share","Share result","شارك النتيجة",""
"locales","nextLesson","Next lesson","الدرس التالي",""
"locales","saveProgress","Save my progress","احفظ تقدّمي",""
"locales","noBankDetails","No bank details, ever.","لن نطلب بياناتك البنكية.",""
"locales","languageTitle","Learn in English or Arabic","تعلّم بالإنجليزية أو العربية",""
"locales","languageBody","UniDojo starts in English. Every lesson is also written in Arabic. Use the toggle in the top right to switch at any time, and we will remember your choice next time.","يبدأ يوني دوجو بالإنجليزية. كل درس مكتوب بالعربية أيضاً. استخدم الزر في أعلى اليمين للتبديل في أي وقت، وسنتذكّر اختيارك في المرة القادمة.",""
"locales","languageKicker","Language","اللغة",""
"locales","languageTryIt","Tap to try it","اضغط للتجربة",""
"locales","english","English","English",""
"locales","arabic","العربية","العربية",""
"locales","both","Both / كلاهما","Both / كلاهما",""
"locales","onboardingTitle","Make UniDojo yours","اجعل يوني دوجو مناسباً لك",""
"locales","name","What should we call you?","بماذا نناديك؟",""
"locales","university","Your university (optional)","جامعتك (اختياري)",""
"locales","topics","What do you want to feel confident about?","ما الموضوعات التي تريد أن تثق بها؟",""
"locales","societyCode","Society code (optional)","رمز الجمعية (اختياري)",""
"locales","finishSetup","Open my learning space","افتح مساحة التعلّم",""
"locales","authTitle","Keep your progress","احتفظ بتقدّمك",""
"locales","magicLink","Email me a magic link","أرسل رابط الدخول إلى بريدي",""
"locales","google","Continue with Google","المتابعة عبر Google",""
"locales","github","Continue with GitHub","المتابعة عبر GitHub",""
"locales","email","University or personal email","البريد الجامعي أو الشخصي",""
"locales","sent","Check your inbox, your secure sign-in link is on its way.","تحقّق من بريدك, أرسلنا رابط الدخول الآمن.",""
"locales","allTopics","All topics","كل الموضوعات",""
"locales","locked","Complete the previous lesson","أكمل الدرس السابق",""
"locales","privacy","Privacy & data","الخصوصية والبيانات",""
"locales","feedback","Suggest a topic","اقترح موضوعاً",""
"locales","logout","Log out","تسجيل الخروج",""
"locales","delete","Delete my account","احذف حسابي",""
"locales","export","Export my data","صدّر بياناتي",""
"locales","notAdvice","Education only, not financial advice.","للتثقيف فقط, وليست نصيحة مالية.",""
"locales","review","Islamic finance content requires review by a qualified reviewer before publication.","يجب مراجعة محتوى التمويل الإسلامي من مختص مؤهل قبل النشر.",""
"locales","empty","Nothing here yet. A fresh start is ready when you are.","لا يوجد شيء هنا بعد. بداية جديدة بانتظارك.",""
"locales","tryAgain","Try again","حاول مرة أخرى",""
"locales","goHome","Go home","العودة للرئيسية",""
"locales","dailyPath","Your daily path","مسارك اليومي",""
"locales","level","Level","المستوى",""
"locales","todaysLesson","Today’s lesson","درس اليوم",""
"locales","reviewLabel","Review","مراجعة",""
"locales","lessonMeta","8 min · lesson + quiz · 100 pts","8 دقائق · درس + اختبار · 100 نقطة",""
"locales","startToday","Start today’s lesson","ابدأ درس اليوم",""
"curriculum","label","England","إنجلترا",""
"curriculum","label","Scotland","اسكتلندا",""
"curriculum","label","Wales","ويلز",""
"curriculum","label","Northern Ireland","أيرلندا الشمالية",""
"curriculum","title","Money Basics","أساسيات المال",""
"curriculum","tagline","Make your money behave before it runs out","اجعل مالك منظماً قبل أن ينتهي",""
"curriculum","title","Where it goes","إلى أين يذهب",""
"curriculum","title","Build a budget that bends","ابنِ ميزانية مرنة",""
"curriculum","objective","Build a weekly plan you can keep for a whole term, and know what to do when a week goes over.","ابنِ خطة أسبوعية تستمر عليها فصلاً كاملاً، واعرف ما تفعله حين يتجاوز أسبوع حدّه.",""
"curriculum","relevance","How often your money arrives depends on where you are funded. Scottish students on SAAS are paid monthly, while students in England, Wales and Northern Ireland usually get theirs in a few larger instalments. Either way, spending happens daily and that gap is what you have to manage.","وتيرة وصول مالك تعتمد على جهة تمويلك. الطلاب في اسكتلندا عبر SAAS يتلقون دفعات شهرية، بينما يتلقى الطلاب في إنجلترا وويلز وأيرلندا الشمالية مبالغ أكبر على دفعات أقل. وفي الحالتين، الإنفاق يومي، وهذه الفجوة هي ما عليك إدارته.",""
"curriculum","title","Money in bursts, spending in drips","المال دفعات والإنفاق قطرات",""
"curriculum","body","The timing of your money and the timing of your spending almost never match. That mismatch is the whole problem a budget solves.","توقيت وصول مالك وتوقيت إنفاقك لا يتطابقان إلا نادراً. هذا التباعد هو المشكلة التي تحلّها الميزانية.",""
"curriculum","","Where you are paid monthly, rent leaving monthly is easy to line up.","إن كنت تُدفع شهرياً، فخروج الإيجار شهرياً أمر سهل الموازنة.",""
"curriculum","","Where you are paid in a few large instalments, a big balance in October is not October's money. It is the whole term's.","إن كنت تتلقى دفعات كبيرة قليلة، فالرصيد الكبير في أكتوبر ليس مال أكتوبر، بل مال الفصل كله.",""
"curriculum","","Food, travel and going out leave every day, in amounts small enough to ignore until they are not.","الطعام والتنقل والخروج تُصرف يومياً، بمبالغ صغيرة تتجاهلها حتى تصبح كبيرة.",""
"curriculum","","Check your own provider's payment schedule before you budget. The number and timing of payments is not the same across the UK.","تحقّق من جدول الدفعات لدى جهة تمويلك قبل أن تضع الميزانية. عدد الدفعات وتوقيتها يختلفان بين أنحاء بريطانيا.",""
"curriculum","title","One term, one number","فصل واحد ورقم واحد",""
"curriculum","setup","You have rent and bills covered and £420 left for the term. Here is what that has to cover.","غطّيت الإيجار والفواتير وبقي لديك 420 جنيهاً للفصل. وهذا ما يجب أن تغطيه.",""
"curriculum","label","Term length","مدة الفصل",""
"curriculum","value","12 weeks","12 أسبوعاً",""
"curriculum","label","Left after rent and bills","المتبقي بعد الإيجار والفواتير",""
"curriculum","value","£420","420 جنيهاً",""
"curriculum","label","Books and course kit","الكتب ومستلزمات الدراسة",""
"curriculum","value","£40","40 جنيهاً",""
"curriculum","label","Left to live on","المتبقي للمعيشة",""
"curriculum","value","£380","380 جنيهاً",""
"curriculum","takeaway","£380 over 12 weeks is your real weekly number. Notice it is not the £420 you first saw. Course costs are a real expense that students forget to plan for.","380 جنيهاً على 12 أسبوعاً هو رقمك الأسبوعي الحقيقي. لاحظ أنه ليس 420 جنيهاً الذي رأيته أولاً. تكاليف الدراسة مصروف حقيقي ينسى الطلاب التخطيط له.",""
"curriculum","title","The monthly budget trap","فخ الميزانية الشهرية",""
"curriculum","body","Divide a term's money by months and you get a number that feels harmless. Then you try to live on it for a week and discover it was never weekly at all. Divide by the weeks you actually have, not the months a template assumes.","اقسم مال الفصل على الأشهر فتحصل على رقم يبدو هادئاً. ثم تحاول أن تعيش عليه أسبوعاً فتحتاج أن تفهم أنه لم يكن أسبوعياً أبداً. اقسم على الأسابيع التي لديك فعلاً، لا على الأشهر التي تفترضها النماذج.",""
"curriculum","title","Give every week a number","أعطِ كل أسبوع رقماً",""
"curriculum","body","A weekly number turns a scary total into a decision you make on Monday.","الرقم الأسبوعي يحوّل مبلغاً مخيفاً إلى قرار تتخذه يوم الاثنين.",""
"curriculum","","You know what you can spend before you spend it.","تعرف ما يمكنك إنفاقه قبل أن تنفقه.",""
"curriculum","","Overspending affects one week, not the whole term.","التجاوز يؤثر على أسبوع واحد، لا على الفصل كله.",""
"curriculum","","A number you can hold in your head is a number you will actually use.","الرقم الذي تستطيع تذكّره هو الرقم الذي ستستخدمه فعلاً.",""
"curriculum","prompt","Sort these. Which leave your account no matter what you do, and which are yours to decide?","صنّف هذه. أيّها يخرج من حسابك مهما فعلت، وأيّها قرارك أنت؟",""
"curriculum","name","Leaves anyway","يخرج على أي حال",""
"curriculum","","Rent","الإيجار",""
"curriculum","","Phone contract","عقد الهاتف",""
"curriculum","","Insurance","التأمين",""
"curriculum","name","Your call","قرارك أنت",""
"curriculum","","Food shop","تسوّق الطعام",""
"curriculum","","Nights out","الخروج",""
"curriculum","","New trainers","حذاء جديد",""
"curriculum","prompt","Match each term to what it means.","طابق كل مصطلح مع معناه.",""
"curriculum","left","Fixed cost","تكلفة ثابتة",""
"curriculum","right","Leaves whether or not you spend well","تخرج سواء أحسنت الإنفاق أم لا",""
"curriculum","left","Variable cost","تكلفة متغيّرة",""
"curriculum","right","You control the amount each week","تتحكم في مبلغها كل أسبوع",""
"curriculum","left","Sunk cost","تكلفة غارقة",""
"curriculum","right","Money already spent that you cannot recover","مال أُنفق ولا يمكن استرجاعه",""
"curriculum","left","Opportunity cost","تكلفة الفرصة",""
"curriculum","right","The thing you gave up to afford it","الشيء الذي تنازلت عنه لتتحمّل ثمنه",""
"curriculum","prompt","What does a weekly number actually protect you from?","من ماذا يحميك الرقم الأسبوعي فعلاً؟",""
"curriculum","","Running out of money before the term ends","نفاد المال قبل انتهاء الفصل",""
"curriculum","","Spending money on things you enjoy","الإنفاق على أشياء تستمتع بها",""
"curriculum","","Needing to check your balance","الحاجة إلى تفقّد رصيدك",""
"curriculum","","Paying rent on time","دفع الإيجار في وقته",""
"curriculum","why","A weekly number spreads your money across the weeks you actually have. Rent being paid is a different problem, solved by setting rent money aside, not by budgeting.","الرقم الأسبوعي يوزّع مالك على الأسابيع التي لديك فعلاً. أما دفع الإيجار فمشكلة أخرى تُحل بحجز مال الإيجار جانباً، لا بالميزانية.",""
"curriculum","prompt","Money arrives. Put the decisions in the right order.","وصل المال. رتّب القرارات بالترتيب الصحيح.",""
"curriculum","","Set rent and bills aside first","اعزل الإيجار والفواتير أولاً",""
"curriculum","","Cover course costs you know are coming","غطِّ تكاليف الدراسة المعلومة مسبقاً",""
"curriculum","","Move something to savings","حوّل مبلغاً إلى المدخرات",""
"curriculum","","Divide what remains by weeks left","اقسم ما تبقّى على الأسابيع المتبقية",""
"curriculum","why","Fixed commitments come out before anything else, because they are not optional. Savings go next, before you have a chance to absorb the money into ordinary spending.","الالتزامات الثابتة تخرج أولاً لأنها ليست اختيارية. ثم المدخرات، قبل أن يذوب المال في الإنفاق اليومي.",""
"curriculum","prompt","Week nine. You have £60 left and a close friend's birthday weekend will cost £45.","الأسبوع التاسع. بقي 60 جنيهاً وعطلة ميلاد صديق مقرّب ستكلّف 45 جنيهاً.",""
"curriculum","label","Go, and eat cheaply for the week","اذهب، وقلّل الطعام هذا الأسبوع",""
"curriculum","outcome","You stayed inside the term budget. It is a tight week, but you are not borrowing from the weeks after it.","بقيت داخل ميزانية الفصل. أسبوع ضاغط، لكنك لا تقترض من الأسابيع التالية.",""
"curriculum","label","Go, and sort it out later","اذهب، ونرتّب الأمر لاحقاً",""
"curriculum","outcome","£45 spent with £15 left for everything else. That gap is exactly how a student overdraft starts.","أُنفق 45 وبقي 15 لكل شيء آخر. هذه الفجوة بالضبط كيف يبدأ السحب على المكشوف.",""
"curriculum","label","Skip it and keep the whole £45","لا تذهب واحتفظ بالـ 45 كاملة",""
"curriculum","outcome","Your budget survives, but a plan that stops you seeing your friends is a plan you will abandon by week eleven.","ميزانيتك تنجو، لكن خطة تمنعك من رؤية أصدقائك هي خطة ستتركها بحلول الأسبوع الحادي عشر.",""
"curriculum","title","Track without an app","تابع مصروفك بلا تطبيق",""
"curriculum","objective","Know where your money went in under two minutes a week.","اعرف أين ذهب مالك في أقل من دقيقتين أسبوعياً.",""
"curriculum","relevance","Most budgets fail at data entry, not at maths. A rough number you keep beats a perfect one you abandon.","معظم الميزانيات تفشل عند إدخال البيانات لا عند الحساب. رقم تقريبي تستمر عليه أفضل من رقم دقيق تتركه.",""
"curriculum","title","Two minutes, weekly","دقيقتان كل أسبوع",""
"curriculum","body","A rough weekly total beats a perfect log you stop keeping. The goal is awareness, not accounting.","إجمالي أسبوعي تقريبي أفضل من سجل مثالي تتوقف عن كتابته. الهدف هو الوعي لا المحاسبة.",""
"curriculum","prompt","Match each term to what it actually means.","طابق كل مصطلح مع معناه الفعلي.",""
"curriculum","left","Fixed cost","تكلفة ثابتة",""
"curriculum","right","Same every month","ثابتة شهرياً",""
"curriculum","left","Variable cost","تكلفة متغيّرة",""
"curriculum","right","Moves week to week","تتغيّر أسبوعياً",""
"curriculum","left","Sunk cost","تكلفة غارقة",""
"curriculum","right","Already spent, unrecoverable","أُنفقت ولا تُسترجع",""
"curriculum","left","Opportunity cost","تكلفة الفرصة",""
"curriculum","right","What you gave up for it","ما تنازلت عنه لأجلها",""
"curriculum","prompt","Put the weekly check in the right order.","رتّب المراجعة الأسبوعية بالترتيب الصحيح.",""
"curriculum","","Check your balance","تحقّق من رصيدك",""
"curriculum","","Note what left the account","سجّل ما خرج من الحساب",""
"curriculum","","Subtract the fixed costs","اخصم التكاليف الثابتة",""
"curriculum","","Divide what is left by weeks remaining","اقسم الباقي على الأسابيع المتبقية",""
"curriculum","why","Fixed costs come out first because they are not negotiable. Only then can you see what is actually spendable.","تُخصم التكاليف الثابتة أولاً لأنها غير قابلة للتفاوض، وعندها فقط ترى ما يمكن إنفاقه فعلاً.",""
"curriculum","prompt","Complete the idea.","أكمل الفكرة.",""
"curriculum","before","Money already spent is","المال الذي أُنفق بالفعل",""
"curriculum","after",",  the only question left is what it buys you next.",",  والسؤال الوحيد المتبقي هو ماذا يشتري لك لاحقاً.",""
"curriculum","","gone","قد ذهب",""
"curriculum","","invested","مُستثمر",""
"curriculum","","owed","مُستحق",""
"curriculum","","free","مجاني",""
"curriculum","why","That is the sunk cost trap. A wasted £40 is wasted whether or not you sit through a bad film to justify it.","هذا هو فخ التكلفة الغارقة. الأربعون جنيهاً الضائعة ضائعة سواء أكملت الفيلم السيئ لتبريرها أم لا.",""
"curriculum","prompt","You have logged nothing for three weeks. What is the right move?","لم تسجّل شيئاً لثلاثة أسابيع. ما الخطوة الصحيحة؟",""
"curriculum","","Start again from today","ابدأ من اليوم",""
"curriculum","","Reconstruct all three weeks","أعد بناء الأسابيع الثلاثة",""
"curriculum","","Give up on tracking","اترك التتبع",""
"curriculum","","Find a better app","ابحث عن تطبيق أفضل",""
"curriculum","why","Reconstruction is exactly the chore that kills the habit. Starting from today keeps the streak and the awareness.","إعادة البناء هي العبء الذي يقتل العادة. البدء من اليوم يحفظ الاستمرارية والوعي.",""
"curriculum","title","The rule","القاعدة",""
"curriculum","body","A system you actually keep beats a better system you drop. Optimise for keeping it, not for precision.","نظام تلتزم به فعلاً أفضل من نظام أدقّ تتركه. حسّن استمراريتك لا دقّتك.",""
"curriculum","title","Debit, credit, and what you owe","الخصم والائتمان وما تدين به",""
"curriculum","objective","Explain the difference between money you have and money you are borrowing.","اشرح الفرق بين مال تملكه ومال تستدينه.",""
"curriculum","relevance","Credit feels identical to cash at the till. The difference only appears later, which is exactly why it works on students.","الائتمان يبدو كالنقد تماماً عند الدفع. والفرق يظهر لاحقاً فقط، ولهذا بالضبط يعمل مع الطلاب.",""
"curriculum","title","Two numbers, not one","رقمان لا رقم واحد",""
"curriculum","body","A card has a balance and a limit. Confusing the two is how people spend money they do not have.","البطاقة لها رصيد وسقف. والخلط بينهما هو كيف يُنفق الناس مالاً لا يملكونه.",""
"curriculum","","Balance is money that exists. It is yours.","الرصيد مال موجود، وهو لك.",""
"curriculum","","Limit is money the bank will lend you. It is not yours.","السقف مال يقرضك البنك إياه، وليس لك.",""
"curriculum","","A credit card spends the second number first, and the bill arrives later.","بطاقة الائتمان تنفق الرقم الثاني أولاً، والفاتورة تصل لاحقاً.",""
"curriculum","title","How a credit card actually behaves","كيف تتصرّف بطاقة الائتمان فعلاً",""
"curriculum","setup","A student spends £200 on a credit card with a £500 limit, and pays only the minimum.","ينفق طالب 200 جنيه على بطاقة ائتمان بسقف 500، ويسدد الحد الأدنى فقط.",""
"curriculum","label","Available credit afterwards","الائتمان المتاح بعدها",""
"curriculum","value","£300","300 جنيه",""
"curriculum","label","Money in the account","المال في الحساب",""
"curriculum","value","Unchanged","لم يتغيّر",""
"curriculum","label","Amount owed","المبلغ المستحق",""
"curriculum","value","£200","200 جنيه",""
"curriculum","label","Interest if only the minimum is paid","الفائدة إن سُدّد الحد الأدنى فقط",""
"curriculum","value","Added monthly","تُضاف شهرياً",""
"curriculum","takeaway","The £300 is not extra money. It is the remainder of a loan you already took, and the interest runs while you decide what to do about it.","الـ 300 جنيه لا تعني مالاً إضافياً. إنها بقية قرض أخذته بالفعل، والفائدة تجري بينما تقرر ما ستفعله.",""
"curriculum","title","Minimum payments are designed to feel fine","الأقساط الدنيا مصممة لتبدو مريحة",""
"curriculum","body","Paying the minimum keeps your account healthy and keeps the debt alive. It is the option that most reliably turns a small balance into a long one.","سداد الحد الأدنى يُبقي حسابك سليماً ويُبقي الدين حياً. وهو الخيار الأكثر قدرة على تحويل رصيد صغير إلى دين طويل.",""
"curriculum","prompt","Which of these are actually money you have?","أيّ من هذه مال تملكه فعلاً؟",""
"curriculum","name","Yours","ملكك",""
"curriculum","","Maintenance loan in your account","دفعة المعيشة في حسابك",""
"curriculum","","Overdraft","السحب على المكشوف",""
"curriculum","","Money from a part time job","مال من عمل جزئي",""
"curriculum","name","Borrowed","مقترض",""
"curriculum","","Credit card limit","سقف بطاقة الائتمان",""
"curriculum","","Buy now pay later balance","رصيد الشراء الآجل",""
"curriculum","prompt","A friend says their overdraft is free money because it has no interest. What is wrong with that?","يقول صديقك إن السحب على المكشوف مال مجاني لأنه بلا فائدة. ما الخطأ في ذلك؟",""
"curriculum","","It still has to be repaid, and the terms can change","يجب سداده، وقد تتغيّر شروطه",""
"curriculum","","It has interest and they are mistaken","عليه فائدة وهو مخطئ",""
"curriculum","","Nothing, if they are a student","لا شيء إن كان طالباً",""
"curriculum","","It affects their credit score only","يؤثر على سمعته الائتمانية فقط",""
"curriculum","why","Student overdrafts are often interest free, but they are still a loan, usually repaid after graduation, and the bank sets the terms. Free of interest is not free.","كثيراً ما تكون حسابات الطلاب بلا فائدة، لكنها تبقى قرضاً يُسدَّد عادة بعد التخرّج، والبنك يضع الشروط. انتفاء الفائدة لا يعني المجانية.",""
"curriculum","title","What interest is really doing","ما تفعله الفائدة حقاً",""
"curriculum","objective","Recognise when a payment plan costs more than the price on the label.","اعرف متى يكلّفك التقسيط أكثر من السعر المكتوب.",""
"curriculum","relevance","Buy now pay later is presented as the same price spread out. It is a credit agreement, and it behaves like one if anything goes wrong.","الشراء الآجل يُقدَّم كسعر واحد موزّع على دفعات. لكنه عقد ائتمان، ويتصرّف كعقد ائتمان إن حدث أي خلل.",""
"curriculum","title","Two numbers that decide everything","رقمان يحسمان كل شيء",""
"curriculum","body","The rate, and the length. The rate is how fast it grows. The length is how long it has to grow.","النسبة والمدة. النسبة تحدد سرعة النمو، والمدة تحدد الوقت المتاح له.",""
"curriculum","","A low rate over a long time can cost more than a high rate over a short one.","نسبة منخفضة لمدة طويلة قد تكلّف أكثر من نسبة مرتفعة لمدة قصيرة.",""
"curriculum","","The headline rate is rarely the whole cost.","النسبة المعلنة نادراً ما تكون التكلفة الكاملة.",""
"curriculum","","Ask for the total repayable, not the monthly payment.","اسأل عن إجمالي السداد، لا عن القسط الشهري.",""
"curriculum","title","Same item, two ways to pay","نفس السلعة وطريقتان للدفع",""
"curriculum","setup","A laptop costs £600. The shop offers two options.","حاسوب ثمنه 600 جنيه، ويعرض المتجر خيارين.",""
"curriculum","label","Pay now","الدفع الآن",""
"curriculum","value","£600","600 جنيه",""
"curriculum","label","Pay over 24 months","التقسيط على 24 شهراً",""
"curriculum","value","£32 per month","32 جنيهاً شهرياً",""
"curriculum","label","Total on the plan","الإجمالي بالتقسيط",""
"curriculum","value","£768","768 جنيهاً",""
"curriculum","label","Extra paid for the same laptop","الزيادة مقابل نفس الحاسوب",""
"curriculum","value","£168","168 جنيهاً",""
"curriculum","takeaway","The monthly figure felt small. The total is where the decision lives, and it is the number the shop is least likely to put in large print.","القسط الشهري بدا صغيراً. القرار كله في الإجمالي، وهو الرقم الأقل ظهوراً في إعلانات المتجر.",""
"curriculum","title","Zero percent has conditions","الـ 0% له شروط",""
"curriculum","body","Interest free offers usually depend on you paying on time every time. Miss one payment and the rate can apply from the start, not from the missed month. Always read what happens if you are late.","عروض بلا فائدة تشترط عادة السداد في الوقت كل مرة. وإن تأخرت دفعة واحدة فقد تُطبَّق النسبة من البداية، لا من الشهر المتأخر فقط. اقرأ دائماً ما يحدث عند التأخر.",""
"curriculum","prompt","Which of these tells you what a payment plan really costs?","أي من هذه يخبرك بالتكلفة الحقيقية لخطة التقسيط؟",""
"curriculum","","The total repayable over the whole plan","إجمالي السداد على مدى الخطة",""
"curriculum","","The monthly payment","القسط الشهري",""
"curriculum","","The headline interest rate","نسبة الفائدة المعلنة",""
"curriculum","","The length of the plan","مدة الخطة",""
"curriculum","why","The total repayable already folds in the rate and the length, which is why it is the only figure you can compare across two different offers.","إجمالي السداد يجمع النسبة والمدة معاً، ولهذا هو الرقم الوحيد القابل للمقارنة بين عرضين مختلفين.",""
"curriculum","prompt","You want a £480 phone. You can pay now, or spread it over 12 months at £46 per month.","تريد هاتفاً بـ 480 جنيهاً. يمكنك الدفع الآن أو تقسيطه على 12 شهراً بـ 46 جنيهاً شهرياً.",""
"curriculum","label","Save for three months and pay in full","وفّر ثلاثة أشهر وادفع كاملاً",""
"curriculum","outcome","You paid £480 and kept the £72 difference. Three months of waiting bought a pair of trainers.","دفعت 480 ووفّرت 72 جنيهاً فرقاً. ثلاثة أشهر انتظار اشترت لك حذاءً.",""
"curriculum","label","Take the 12 month plan","اختر خطة الـ 12 شهراً",""
"curriculum","outcome","You paid £552 for a £480 phone. That £72 was borrowed at a rate you never agreed to in those words.","دفعت 552 مقابل هاتف بـ 480. الـ 72 جنيهاً كانت قرضاً بنسبة لم توافق عليها بهذه الصياغة.",""
"curriculum","label","Buy a £250 phone outright","اشترِ هاتفاً بـ 250 نقداً",""
"curriculum","outcome","You spent less than either option and got a working phone. Worth asking which features you actually use.","أنفقت أقل من الخيارين وحصلت على هاتف يعمل. يحسن أن تسأل أي الميزات تستخدمها فعلاً.",""
"curriculum","title","Student Life","الحياة الجامعية",""
"curriculum","tagline","Work the system you are actually inside","افهم النظام الذي تعيش داخله",""
"curriculum","title","The UK student system","نظام الطالب في بريطانيا",""
"curriculum","title","Which loan plan are you on?","على أي خطة قرض أنت؟",""
"curriculum","objective","Identify your repayment plan, and know what it decides for you.","حدّد خطة السداد الخاصة بك، واعرف ما الذي تحدّده لك.",""
"curriculum","relevance","Your plan is not a choice and not a status symbol. It sets the income level at which you start repaying, and that level differs by thousands of pounds depending on which funding body you applied to.","خطتك ليست اختياراً ولا ميزة. هي تحدّد مستوى الدخل الذي تبدأ عنده السداد، وهذا المستوى يختلف بآلاف الجنيهات حسب جهة التمويل التي تقدّمت إليها.",""
"curriculum","title","Your plan is decided, not chosen","خطتك تُحدَّد ولا تُختار",""
"curriculum","body","Your repayment plan is set by two things only: which funding body you applied to, and the year you started. You cannot pick it, and it has nothing to do with your subject, your university or your grades.","خطة السداد تُحدَّد بأمرين فقط: جهة التمويل التي تقدّمت إليها، وسنة بدايتك. لا يمكنك اختيارها، ولا علاقة لها بتخصصك أو جامعتك أو درجاتك.",""
"curriculum","","Four separate systems run in parallel: England, Wales, Scotland and Northern Ireland. Which one you applied to decides your rules.","أربعة أنظمة تعمل بالتوازي: إنجلترا وويلز واسكتلندا وأيرلندا الشمالية. الجهة التي تقدّمت إليها هي التي تحدّد قواعدك.",""
"curriculum","","Start year matters as much as nation. The same funding body can put two students on different plans if they started a decade apart.","سنة البداية لا تقل أهمية عن الدولة. الجهة نفسها قد تضع طالبين على خطتين مختلفتين إذا بدأ أحدهما قبل الآخر بعشر سنوات.",""
"curriculum","title","What your plan actually decides","ما الذي تحدّده خطتك فعلاً",""
"curriculum","setup","Your plan sets how much you can earn before you repay a single pound. These are the current annual thresholds.","خطتك تحدّد المبلغ الذي يمكنك كسبه قبل أن تسدّد جنيهاً واحداً. هذه هي الحدود السنوية الحالية.",""
"curriculum","label","Plan 1","خطة 1",""
"curriculum","value","£26,900","£26,900",""
"curriculum","label","Plan 2","خطة 2",""
"curriculum","value","£29,385","£29,385",""
"curriculum","label","Plan 4","خطة 4",""
"curriculum","value","£33,795","£33,795",""
"curriculum","label","Plan 5","خطة 5",""
"curriculum","value","£25,000","£25,000",""
"curriculum","takeaway","Above your threshold you repay 9% of whatever you earn over it. Plan 5 starts at £25,000 while Plan 4 starts at £33,795, so the same salary can repay in England and repay nothing in Scotland.","فوق حدّك تسدّد 9% من كل ما تكسبه زيادته. خطة 5 تبدأ من £25,000 وخطة 4 تبدأ من £33,795، لذا الراتب نفسه قد يُسدَّد منه في إنجلترا ولا يُسدَّد منه شيء في اسكتلندا.",""
"curriculum","title","You can hold more than one plan","يمكن أن تحمل أكثر من خطة",""
"curriculum","body","If you borrowed at different times, or studied at both undergraduate and postgraduate level, you can be on more than one plan at once. Each keeps its own threshold, and your employer has to know about all of them.","إذا اقترضت في أوقات مختلفة، أو درست البكالوريوس والدراسات العليا، فقد تكون على أكثر من خطة في الوقت نفسه. لكل خطة حدّها الخاص، وعلى جهة عملك معرفتها جميعاً.",""
"curriculum","prompt","Match each funding body to the plan it puts most students on.","صِل كل جهة تمويل بالخطة التي تضع عليها معظم الطلاب.",""
"curriculum","left","Student Finance England, started 2023","تمويل الطلاب إنجلترا، بداية 2023",""
"curriculum","right","Plan 5","خطة 5",""
"curriculum","left","Student Finance Wales","تمويل الطلاب ويلز",""
"curriculum","right","Plan 2","خطة 2",""
"curriculum","left","Student Awards Agency Scotland","هيئة منح الطلاب اسكتلندا",""
"curriculum","right","Plan 4","خطة 4",""
"curriculum","left","Student Finance Northern Ireland","تمويل الطلاب أيرلندا الشمالية",""
"curriculum","right","Plan 1","خطة 1",""
"curriculum","prompt","You applied to Student Finance England and started your course in 2023. Which plan are you on?","تقدّمت إلى تمويل الطلاب في إنجلترا وبدأت دراستك عام 2023. على أي خطة أنت؟",""
"curriculum","","Plan 1","خطة 1",""
"curriculum","","Plan 2","خطة 2",""
"curriculum","","Plan 4","خطة 4",""
"curriculum","","Plan 5","خطة 5",""
"curriculum","why","Anyone applying to Student Finance England who started on or after 1 August 2023 is on Plan 5.","كل من تقدّم إلى تمويل الطلاب في إنجلترا وبدأ في 1 أغسطس 2023 أو بعده على خطة 5.",""
"curriculum","prompt","You applied to the Student Awards Agency Scotland. Which plan are you on?","تقدّمت إلى هيئة منح الطلاب في اسكتلندا. على أي خطة أنت؟",""
"curriculum","","Plan 1","خطة 1",""
"curriculum","","Plan 2","خطة 2",""
"curriculum","","Plan 4","خطة 4",""
"curriculum","","Plan 5","خطة 5",""
"curriculum","why","SAAS students are on Plan 4 whether they studied an undergraduate or a postgraduate course. It does not depend on your start year, which is why Scottish graduates repay from a higher income.","طلاب اسكتلندا على خطة 4 سواء درسوا البكالوريوس أو الدراسات العليا. لا تعتمد على سنة البداية، ولهذا يبدأ الخريجون في اسكتلندا السداد من دخل أعلى.",""
"curriculum","prompt","You applied to Student Finance Wales and started your course in 2023. Which plan are you on?","تقدّمت إلى تمويل الطلاب في ويلز وبدأت دراستك عام 2023. على أي خطة أنت؟",""
"curriculum","","Plan 1","خطة 1",""
"curriculum","","Plan 2","خطة 2",""
"curriculum","","Plan 4","خطة 4",""
"curriculum","","Plan 5","خطة 5",""
"curriculum","why","Wales did not move to Plan 5. If you applied to Student Finance Wales and started on or after 1 September 2012, you stay on Plan 2, so your threshold is higher than an English student who started the same year.","ويلز لم تنتقل إلى خطة 5. إذا تقدّمت إلى تمويل الطلاب في ويلز وبدأت في 1 سبتمبر 2012 أو بعده، تبقى على خطة 2، وحدّك أعلى من طالب في إنجلترا بدأ في السنة نفسها.",""
"curriculum","prompt","You applied to Student Finance Northern Ireland. Which plan are you on?","تقدّمت إلى تمويل الطلاب في أيرلندا الشمالية. على أي خطة أنت؟",""
"curriculum","","Plan 1","خطة 1",""
"curriculum","","Plan 2","خطة 2",""
"curriculum","","Plan 4","خطة 4",""
"curriculum","","Plan 5","خطة 5",""
"curriculum","why","Student Finance Northern Ireland puts students on Plan 1, whether undergraduate or postgraduate.","تمويل الطلاب في أيرلندا الشمالية يضع الطلاب على خطة 1، سواء في البكالوريوس أو الدراسات العليا.",""
"curriculum","prompt","Which of these does not change how much you repay each month?","أي من هذه لا يغيّر المبلغ الذي تسدّده شهرياً؟",""
"curriculum","","Your salary","راتبك",""
"curriculum","","Which plan you are on","الخطة التي أنت عليها",""
"curriculum","","The size of your outstanding balance","حجم الرصيد المتبقي عليك",""
"curriculum","","How often you are paid","عدد مرات استلامك للراتب",""
"curriculum","why","Repayment is a percentage of income above your threshold. The total you owe does not enter the calculation at all, which is why a large balance is not the emergency it feels like.","السداد نسبة من الدخل فوق حدّك. إجمالي ما تدين به لا يدخل في الحساب إطلاقاً، ولهذا لا يُعد الرصيد الكبير أزمة كما يبدو.",""
"curriculum","prompt","Your payslip shows Plan 2 deductions, but the letter in your online account says Plan 4. What do you do?","قسيمة راتبك تُظهر خصماً على خطة 2، لكن الخطاب في حسابك الإلكتروني يقول خطة 4. ماذا تفعل؟",""
"curriculum","label","Leave it, the difference is small","أتركه، الفرق بسيط",""
"curriculum","outcome","You keep repaying from an income that should not be repaying at all, every month, until someone notices.","تستمر في السداد من دخل لا يجب أن يسدّد أصلاً، كل شهر، حتى ينتبه أحد.",""
"curriculum","label","Download your active plan type letter and show your employer","أنزّل خطاب نوع الخطة النشطة وأعرضه على جهة عملي",""
"curriculum","outcome","Your employer corrects your payroll, and you can claim a refund for what you overpaid.","تصحّح جهة عملك كشف الرواتب، ويمكنك المطالبة باسترداد ما دفعته بالزيادة.",""
"curriculum","label","Ask payroll to stop the deductions","أطلب من قسم الرواتب إيقاف الخصم",""
"curriculum","outcome","They cannot. Repayments come out of payroll automatically, so the fix is correcting the plan, not cancelling it.","لا يمكنهم ذلك. الخصم يخرج من الرواتب تلقائياً، والحل هو تصحيح الخطة لا إلغاؤها.",""
"curriculum","title","Repayment is not a debt","السداد ليس دَيناً كالعادة",""
"curriculum","objective","Explain why repayment follows your income rather than your balance, and know when the balance disappears.","اشرح لماذا يتبع السداد دخلك لا رصيدك، واعرف متى يسقط الرصيد.",""
"curriculum","relevance","Every other debt you will meet demands a fixed instalment and punishes a missed payment. This one does not. That difference is why paying it off early is often the wrong move, which is the opposite of what instinct says.","كل دَين آخر ستقابله يطلب قسطاً ثابتاً ويعاقب على التأخر في السداد. هذا القرض لا يفعل ذلك. هذا الفرق هو سبب أن السداد المبكر غالباً خطأ، وهو عكس ما يمليه الحدس.",""
"curriculum","title","A debt that does not behave like one","دَين لا يتصرّف كالدَّين",""
"curriculum","body","Legally your student loan is a debt. In behaviour it is closer to a tax on income, and that difference is not a technicality. It changes what you should do with spare money.","قرض الطالب قانونياً دَين. لكنه في سلوكه أقرب إلى ضريبة على الدخل، وهذا الفرق ليس تفصيلاً شكلياً. إنه يغيّر ما ينبغي أن تفعله بالمال الفائض.",""
"curriculum","","Repayment is a percentage of income above a threshold, not an instalment agreed with a lender.","السداد نسبة من الدخل فوق حدّ معيّن، وليس قسطاً متفقاً عليه مع مُقرِض.",""
"curriculum","","If your income drops below your threshold, repayments simply stop. Nobody chases you and nothing is defaulted.","إذا نزل دخلك تحت حدّك، يتوقّف السداد ببساطة. لا أحد يطاردك ولا يقع أي تعثّر.",""
"curriculum","","The balance is cancelled on a set date whether or not you cleared it, which no ordinary lender would ever agree to.","يُلغى الرصيد في تاريخ محدّد سواء سدّدته أم لا، وهذا ما لا توافق عليه أي جهة إقراض عادية.",""
"curriculum","title","What 9% actually looks like","كيف تبدو نسبة 9% فعلاً",""
"curriculum","setup","On Plan 2 you repay 9% of everything you earn above £29,385 a year. Here is that rule applied at three salaries.","على خطة 2 تسدّد 9% من كل ما تكسبه فوق £29,385 سنوياً. هذه هي القاعدة مطبّقة على ثلاثة رواتب.",""
"curriculum","label","Earning £30,000 a year","دخل £30,000 سنوياً",""
"curriculum","value","about £5 a month","حوالي £5 شهرياً",""
"curriculum","label","Earning £35,000 a year","دخل £35,000 سنوياً",""
"curriculum","value","about £42 a month","حوالي £42 شهرياً",""
"curriculum","label","Earning £50,000 a year","دخل £50,000 سنوياً",""
"curriculum","value","about £155 a month","حوالي £155 شهرياً",""
"curriculum","takeaway","Just above the threshold the payment is almost nothing. It grows with income and it is taken from your pay before you ever see it, so you never have to find the money.","فوق الحد بقليل يكون المبلغ شبه معدوم. ينمو مع الدخل ويُخصم من راتبك قبل أن تراه، فلا تضطر للبحث عن المال.",""
"curriculum","title","Overpaying is often money thrown away","السداد الزائد غالباً مال مهدور",""
"curriculum","body","Most borrowers never clear the balance, because it is cancelled first. If that is your situation, every extra pound you pay is a pound you did not owe. Extra payments only make sense if you are confident you will repay the whole balance before the write off date.","معظم المقترضين لا يسدّدون الرصيد كاملاً، لأن الرصيد يُلغى قبل ذلك. إذا كانت هذه حالتك، فكل جنيه إضافي تدفعه هو جنيه لم يكن مطلوباً منك. السداد الزائد منطقي فقط إذا كنت واثقاً من سداد الرصيد كاملاً قبل تاريخ الإلغاء.",""
"curriculum","prompt","Complete the rule.","أكمل القاعدة.",""
"curriculum","before","If your income falls below your threshold, your repayments","إذا نزل دخلك تحت حدّك، فإن سدادك",""
"curriculum","after","until your income rises again.","حتى يرتفع دخلك مرة أخرى.",""
"curriculum","","stop","يتوقّف",""
"curriculum","","double","يتضاعف",""
"curriculum","","transfer","يُحوَّل",""
"curriculum","","grow","تزداد",""
"curriculum","why","Repayment is taken out of income. Below the threshold there is nothing to take, so the balance simply waits, and interest is still applied while it waits.","السداد يُخصم من الدخل. تحت الحد لا يوجد ما يُخصم، فينتظر الرصيد، وتُضاف الفائدة أثناء انتظاره.",""
"curriculum","prompt","You earn £22,000 a year and you are on Plan 2. How much do you repay?","تكسب £22,000 سنوياً وأنت على خطة 2. كم تسدّد؟",""
"curriculum","","Nothing","لا شيء",""
"curriculum","","About £15 a month","حوالي £15 شهرياً",""
"curriculum","","About £55 a month","حوالي £55 شهرياً",""
"curriculum","","9% of your salary","9% من راتبك",""
"curriculum","why","£22,000 is below the Plan 2 threshold of £29,385, so nothing is due. This is the single most misunderstood thing about student loans in the first years after graduating.","£22,000 أقل من حد خطة 2 البالغ £29,385، فلا يجب عليك شيء. هذا أكثر ما يُفهم خطأً عن قروض الطلاب في السنوات الأولى بعد التخرّج.",""
"curriculum","prompt","Match each change to what it does to your repayments.","صِل كل تغيّر بما يفعله بسدادك.",""
"curriculum","left","Your income falls below the threshold","دخلك ينزل تحت الحد",""
"curriculum","right","Repayments stop","يتوقّف السداد",""
"curriculum","left","Your outstanding balance grows","رصيدك المتبقي يزداد",""
"curriculum","right","Your monthly payment does not change","دفعتك الشهرية لا تتغيّر",""
"curriculum","left","You reach the write off date","تصل إلى تاريخ الإلغاء",""
"curriculum","right","The balance is cancelled","يُلغى الرصيد",""
"curriculum","prompt","You are on Plan 5. How long until the balance is written off?","أنت على خطة 5. كم من الوقت حتى يُلغى الرصيد؟",""
"curriculum","","25 years","25 سنة",""
"curriculum","","30 years","30 سنة",""
"curriculum","","40 years","40 سنة",""
"curriculum","","It is never written off","لا يُلغى أبداً",""
"curriculum","why","Plan 5 is written off 40 years after the April you were first due to repay. That is the longest of any plan, and it is why most Plan 5 borrowers treat the payment as a contribution rather than a debt to clear.","تُلغى خطة 5 بعد 40 سنة من أبريل الذي كان يجب أن تبدأ السداد فيه. هذه أطول مدة بين الخطط، ولهذا يعتبر معظم المقترضين على خطة 5 الدفعة مساهمة لا دَيناً يجب إغلاقه.",""
"curriculum","prompt","You are on Plan 4. How long until the balance is written off?","أنت على خطة 4. كم من الوقت حتى يُلغى الرصيد؟",""
"curriculum","","25 years","25 سنة",""
"curriculum","","30 years","30 سنة",""
"curriculum","","40 years","40 سنة",""
"curriculum","","It is never written off","لا يُلغى أبداً",""
"curriculum","why","Plan 4 is written off 30 years after the April you were first due to repay, and it starts from the highest threshold of the four plans. A Scottish graduate repays less than an English one on the same salary, and for a shorter period.","تُلغى خطة 4 بعد 30 سنة من أبريل الذي كان يجب أن تبدأ السداد فيه، وتبدأ من أعلى حد بين الخطط الأربع. الخريج في اسكتلندا يسدّد أقل من نظيره في إنجلترا بالراتب نفسه، ولمدة أقصر.",""
"curriculum","prompt","You are on Plan 2. How long until the balance is written off?","أنت على خطة 2. كم من الوقت حتى يُلغى الرصيد؟",""
"curriculum","","25 years","25 سنة",""
"curriculum","","30 years","30 سنة",""
"curriculum","","40 years","40 سنة",""
"curriculum","","It is never written off","لا يُلغى أبداً",""
"curriculum","why","Plan 2 is written off 30 years after the April you were first due to repay. Wales also writes off £1,500 of the maintenance loan for full time students from Wales, on top of the standard terms.","تُلغى خطة 2 بعد 30 سنة من أبريل الذي كان يجب أن تبدأ السداد فيه. وتلغي ويلز أيضاً £1,500 من قرض المعيشة للطلاب المتفرّغين من ويلز، إضافة إلى الشروط المعتادة.",""
"curriculum","prompt","You are on Plan 1. How long until the balance is written off?","أنت على خطة 1. كم من الوقت حتى يُلغى الرصيد؟",""
"curriculum","","25 years","25 سنة",""
"curriculum","","30 years","30 سنة",""
"curriculum","","40 years","40 سنة",""
"curriculum","","It is never written off","لا يُلغى أبداً",""
"curriculum","why","Plan 1 is written off 25 years after the April you were first due to repay, the shortest period of any plan. Northern Irish graduates become free of the balance sooner than anyone else.","تُلغى خطة 1 بعد 25 سنة من أبريل الذي كان يجب أن تبدأ السداد فيه، وهي أقصر مدة بين الخطط. خريجو أيرلندا الشمالية يتحرّرون من الرصيد أسرع من غيرهم.",""
"curriculum","prompt","You have £3,000 saved and you are on Plan 5, expecting to earn around £28,000 for the next few years. You are thinking about paying it against the loan. What is the strongest argument against?","لديك £3,000 مدّخرة وأنت على خطة 5، وتتوقّع أن تكسب حوالي £28,000 في السنوات القادمة. تفكّر في دفعها لإغلاق جزء من القرض. ما أقوى حجة ضد ذلك؟",""
"curriculum","label","You should pay, clearing debt is always right","يجب أن تدفع، إغلاق الدَين صحيح دائماً",""
"curriculum","outcome","On £28,000 you repay roughly £22 a month. £3,000 would take over eleven years off a loan that is cancelled in forty anyway, and you would have given up your only buffer.","على £28,000 تسدّد حوالي £22 شهرياً. إن £3,000 ستوفّر أكثر من إحدى عشرة سنة من قرض يُلغى في الأربعين على أي حال، وستكون قد فقدت احتياطك الوحيد.",""
"curriculum","label","It would be spent on a balance that will be cancelled before you clear it","سيُصرف على رصيد سيُلغى قبل أن تسدّده",""
"curriculum","outcome","Correct reasoning. The buffer protects you from borrowing at real interest, and the student loan would have disappeared on its own.","استدلال صحيح. الاحتياط يحميك من الاقتراض بفائدة حقيقية، وقرض الطالب كان سيسقط من تلقاء نفسه.",""
"curriculum","label","You should pay because interest is added every month","يجب أن تدفع لأن الفائدة تُضاف كل شهر",""
"curriculum","outcome","Interest grows the balance, but the balance is not what you pay. It is cancelled either way, so the interest figure is mostly irrelevant to what leaves your pay.","الفائدة تزيد الرصيد، لكن الرصيد ليس ما تدفعه. هو يُلغى في الحالتين، فرقم الفائدة لا أثر له تقريباً على ما يُخصم من راتبك.",""
"curriculum","title","How to think about it","كيف تفكّر فيه",""
"curriculum","body","For most graduates the honest description is a contribution of 9% of income above a threshold, paid for a fixed number of years and then gone. Plan around your income, not around the balance, and you will make better decisions than someone worrying about the headline number.","بالنسبة لمعظم الخريجين، الوصف الصادق هو مساهمة بنسبة 9% من الدخل فوق حدّ معيّن، تُدفع لعدد محدّد من السنوات ثم تنتهي. خطّط حسب دخلك لا حسب الرصيد، وستتخذ قرارات أفضل من شخص يقلق من الرقم الكبير.",""
"curriculum","title","Work, tax, and your payslip","العمل والضريبة وقسيمة الراتب",""
"curriculum","objective","Read a payslip properly, and know which deductions should not be there.","اقرأ قسيمة راتبك بوعي، واعرف أي خصم لا ينبغي أن يكون فيها.",""
"curriculum","relevance","A term time job usually pays no income tax at all, because earnings sit under the personal allowance. Payroll systems do not always know that, and a first payslip with tax on it is one of the most common things a student never questions.","العمل خلال الدراسة غالباً لا يخضع لضريبة الدخل أصلاً، لأن الدخل يقل عن الإعفاء الشخصي. لكن أنظمة الرواتب لا تعرف ذلك دائماً، وقسيمة أول راتب فيها ضريبة من أكثر ما لا يسأل عنه الطالب أبداً.",""
"curriculum","title","Two deductions, not one","خصمان لا خصم واحد",""
"curriculum","body","Payroll takes two separate things off your pay, and they have separate thresholds. Income Tax starts above £12,570 a year. National Insurance starts above £242 a week. Both are annual limits, so a summer of full time work can cross them even if term time never does.","يُخصم من راتبك أمران منفصلان، ولكل منهما حدّه. ضريبة الدخل تبدأ فوق £12,570 سنوياً. والتأمين الوطني يبدأ فوق £242 أسبوعياً. وكلاهما حدود سنوية، لذا قد يتجاوزها عمل صيفي بدوام كامل حتى لو لم تتجاوزها أيام الدراسة.",""
"curriculum","","The personal allowance of £12,570 applies across the whole UK, and it is what makes most student jobs tax free.","الإعفاء الشخصي البالغ £12,570 يُطبَّق في كل بريطانيا، وهو ما يجعل معظم أعمال الطلاب معفاة من الضريبة.",""
"curriculum","","National Insurance is not income tax. It can be taken even when your income tax is zero.","التأمين الوطني ليس ضريبة دخل. قد يُخصم حتى عندما تكون ضريبتك صفراً.",""
"curriculum","title","Where you live changes your rate","مكان إقامتك يغيّر نسبتك",""
"curriculum","setup","The personal allowance is the same everywhere, but the bands above it are not. Scotland has six bands, the rest of the UK has three.","الإعفاء الشخصي واحد في كل مكان، لكن الشرائح فوقه ليست كذلك. في اسكتلندا ست شرائح، وفي بقية بريطانيا ثلاث.",""
"curriculum","label","Starter, Scotland only","شريحة البداية، في اسكتلندا فقط",""
"curriculum","value","19% from £12,571 to £16,537","19% من £12,571 إلى £16,537",""
"curriculum","label","Basic","الشريحة الأساسية",""
"curriculum","value","20% up to £50,270 in the rest of the UK, but only to £29,526 in Scotland","20% حتى £50,270 في بقية بريطانيا، لكن حتى £29,526 فقط في اسكتلندا",""
"curriculum","label","Intermediate, Scotland only","الشريحة الوسطى، في اسكتلندا فقط",""
"curriculum","value","21% from £29,527 to £43,662","21% من £29,527 إلى £43,662",""
"curriculum","label","Higher","الشريحة العليا",""
"curriculum","value","40% above £50,270 in the rest of the UK, but 42% above £43,663 in Scotland","40% فوق £50,270 في بقية بريطانيا، لكن 42% فوق £43,663 في اسكتلندا",""
"curriculum","takeaway","The same salary can be taxed at a different rate depending on where you live. If you move between Scotland and the rest of the UK, your tax code changes with you.","قد يُفرض على الراتب نفسه معدل مختلف حسب مكان إقامتك. وإذا انتقلت بين اسكتلندا وبقية بريطانيا، يتغيّر رمزك الضريبي معك.",""
"curriculum","title","An emergency tax code is not your tax code","الرمز الضريبي الطارئ ليس رمزك",""
"curriculum","body","Starting a first job without handing over a P45 can put you on an emergency code, which taxes you as though you had no personal allowance. If your first payslip takes tax out of a small wage, that is usually why. Give your employer a P45 or complete the starter checklist, and claim a refund for anything overpaid.","بدء أول عمل دون تسليم نموذج P45 قد يضعك على رمز طارئ يفرض عليك الضريبة كأنك بلا إعفاء شخصي. إذا خصمت أول قسيمة راتب ضريبة من أجر صغير، فهذا هو السبب عادة. سلّم جهة عملك نموذج P45 أو أكمل قائمة البداية، وطالب باسترداد ما دُفع بالزيادة.",""
"curriculum","prompt","You earn £30,000 in England. Which rate applies to the income just above £29,527?","تكسب £30,000 في إنجلترا. أي معدل يُطبَّق على الدخل الذي يزيد قليلاً عن £29,527؟",""
"curriculum","","0%, it is inside the allowance","0%، لأنه داخل الإعفاء",""
"curriculum","","20%","20%",""
"curriculum","","21%","21%",""
"curriculum","","40%","40%",""
"curriculum","why","In England, Wales and Northern Ireland the basic rate of 20% runs all the way to £50,270, so £30,000 is still inside it. The same salary in Scotland would be one band higher.","في إنجلترا وويلز وأيرلندا الشمالية تمتد الشريحة الأساسية بمعدل 20% حتى £50,270، لذا يبقى £30,000 داخلها. الراتب نفسه في اسكتلندا يقع في شريحة أعلى.",""
"curriculum","prompt","You earn £30,000 in Scotland. Which rate applies to the income just above £29,527?","تكسب £30,000 في اسكتلندا. أي معدل يُطبَّق على الدخل الذي يزيد قليلاً عن £29,527؟",""
"curriculum","","0%, it is inside the allowance","0%، لأنه داخل الإعفاء",""
"curriculum","","20%","20%",""
"curriculum","","21%","21%",""
"curriculum","","42%","42%",""
"curriculum","why","Scotland's basic rate stops at £29,526, and the intermediate rate of 21% takes over immediately above it. Scotland also has a starter rate of 19%, which the rest of the UK does not have at all.","تتوقف الشريحة الأساسية في اسكتلندا عند £29,526، وتبدأ الشريحة الوسطى بمعدل 21% فوراً فوقها. ولدى اسكتلندا أيضاً شريحة بداية بمعدل 19% لا وجود لها في بقية بريطانيا.",""
"curriculum","prompt","Match each deduction to the point at which it starts.","صِل كل خصم بالنقطة التي يبدأ منها.",""
"curriculum","left","Income Tax","ضريبة الدخل",""
"curriculum","right","Above £12,570 a year","فوق £12,570 سنوياً",""
"curriculum","left","National Insurance","التأمين الوطني",""
"curriculum","right","Above £242 a week","فوق £242 أسبوعياً",""
"curriculum","left","Student loan repayment","سداد قرض الطالب",""
"curriculum","right","Above your plan threshold","فوق حدّ خطتك",""
"curriculum","prompt","You earn £12,000 over the year from a part time job. What should be deducted?","تكسب £12,000 خلال السنة من عمل جزئي. ما الذي ينبغي خصمه؟",""
"curriculum","","Nothing at all","لا شيء إطلاقاً",""
"curriculum","","Income Tax only","ضريبة الدخل فقط",""
"curriculum","","National Insurance only","التأمين الوطني فقط",""
"curriculum","","Both","كلاهما",""
"curriculum","why","£12,000 is under the £12,570 personal allowance and under the £242 a week National Insurance threshold, so both come out at zero. If your payslip shows otherwise, your tax code is wrong.","£12,000 أقل من الإعفاء الشخصي البالغ £12,570 وأقل من حد التأمين الوطني البالغ £242 أسبوعياً، لذا يكون كلاهما صفراً. وإذا أظهرت قسيمتك غير ذلك، فرمزك الضريبي خاطئ.",""
"curriculum","prompt","Your first payslip shows £180 of tax taken from a £900 monthly wage. What is the most useful thing to do?","تُظهر أول قسيمة راتب خصم £180 ضريبة من أجر شهري قدره £900. ما أنفع خطوة تقوم بها؟",""
"curriculum","label","Accept it, payroll knows best","أتقبّلها، قسم الرواتب أدرى",""
"curriculum","outcome","You keep overpaying for the rest of the tax year. Payroll applies your tax code, it does not check whether the code suits you.","تستمر في الدفع بالزيادة لبقية السنة الضريبية. قسم الرواتب يطبّق رمزك الضريبي، ولا يتحقّق من ملاءمته لك.",""
"curriculum","label","Hand over a P45 or complete the starter checklist","سلّم نموذج P45 أو أكمل قائمة البداية",""
"curriculum","outcome","Your code is corrected to include the personal allowance, and the tax already taken is refundable.","يُصحَّح رمزك ليشمل الإعفاء الشخصي، ويمكن استرداد الضريبة التي خُصمت بالفعل.",""
"curriculum","label","Ask for fewer hours to drop below the threshold","اطلب تقليل ساعاتك للنزول تحت الحد",""
"curriculum","outcome","You reduce your income to solve a paperwork problem, and lose pay you were entitled to keep.","تقلّل دخلك لحل مشكلة ورقية، وتخسر أجراً كان من حقك الاحتفاظ به.",""
"curriculum","title","Read it once a month","اقرأها مرة كل شهر",""
"curriculum","body","Three numbers tell you whether a payslip is right: gross pay, total deductions and net pay. If net pay does not match the hours you worked, the tax code is the first thing to check and the payroll team is the first place to ask.","ثلاثة أرقام تخبرك إن كانت القسيمة صحيحة: الأجر الإجمالي، وإجمالي الخصومات، وصافي الأجر. وإذا لم يطابق صافي الأجر ساعات عملك، فرّمز الضريبة هو أول ما تتحقّق منه، وقسم الرواتب هو أول من تسأله.",""
"curriculum","title","Rent and deposits","الإيجار والودائع",""
"curriculum","objective","Know that your deposit is protected by law, and what a landlord cannot keep it for.","اعرف أن وديعة إيجارك محمية قانوناً، وما لا يحق للمالك الاحتفاظ به منها.",""
"curriculum","relevance","A deposit is often the largest single payment a student makes in the whole year, and it is the one payment most students never check was lodged anywhere. The protection is automatic only if somebody confirms it happened.","الوديعة غالباً أكبر دفعة واحدة يقوم بها الطالب في السنة كلها، وهي الدفعة التي لا يتحقّق معظم الطلاب من إيداعها في أي مكان. الحماية لا تُطبَّق إلا إذا تأكّد أحد من وقوع الإيداع.",""
"curriculum","title","It is your money, held by someone else","مالك، لكن في يد غيرك",""
"curriculum","body","A tenancy deposit is not rent paid early and it is not the landlord's money to spend. It stays yours, and the law requires it to be held in a government approved tenancy deposit scheme. Those schemes exist to return it to you if you meet the terms of the tenancy, do not damage the property, and pay your rent and bills.","وديعة الإيجار ليست إيجاراً مدفوعاً مقدماً وليست مالاً للمالك يتصرّف به. هي تبقى ملكك، ويلزم القانون بإيداعها في نظام ودائع معتمد من الحكومة. وهذه الأنظمة موجودة لإعادة المال إليك إذا التزمت بشروط العقد ولم تُتلف العقار ودفعت الإيجار والفواتير.",""
"curriculum","","The deposit must be registered in a scheme. It is not enough for the landlord to promise to hold it separately.","يجب تسجيل الوديعة في نظام معتمد. ولا يكفي أن يَعِد المالك بالاحتفاظ بها منفصلة.",""
"curriculum","","The scheme matters more than the landlord's goodwill, because it is the scheme that decides who gets the money.","النظام المعتمد أهم من حسن نية المالك، لأنه هو من يقرّر من يستلم المال.",""
"curriculum","title","The timeline of a deposit","المسار الزمني للوديعة",""
"curriculum","setup","In England and Wales the law sets deadlines at both ends of the tenancy. Each one protects a different person.","في إنجلترا وويلز يحدّد القانون مواعيد في طرفي العقد. كل موعد يحمي طرفاً مختلفاً.",""
"curriculum","label","You pay the deposit","تدفع الوديعة",""
"curriculum","value","Must be protected within 30 days","يجب إيداعها خلال 30 يوماً",""
"curriculum","label","You both agree the amount to return","تتفقان على المبلغ المسترد",""
"curriculum","value","Paid back within 10 days","تُرد خلال 10 أيام",""
"curriculum","label","You disagree about the amount","تختلفان على المبلغ",""
"curriculum","value","The scheme holds the money until it is resolved","يحتفظ النظام بالمال حتى تُحل المسألة",""
"curriculum","takeaway","The deposit stays inside the scheme while a dispute runs, so a disagreement cannot be settled by one side simply keeping the money.","تبقى الوديعة داخل النظام أثناء أي نزاع، لذا لا يمكن حسم الخلاف بأن يحتفظ أحد الطرفين بالمال ببساطة.",""
"curriculum","prompt","You rent in England. Where must your deposit be held?","تستأجر في إنجلترا. أين يجب إيداع وديعة إيجارك؟",""
"curriculum","","In the landlord's own account","في حساب المالك الشخصي",""
"curriculum","","In a government approved tenancy deposit scheme","في نظام ودائع معتمد من الحكومة",""
"curriculum","","With your university","لدى جامعتك",""
"curriculum","","Nowhere in particular","في أي مكان، لا يهم",""
"curriculum","why","England and Wales use three government approved schemes: the Deposit Protection Service, MyDeposits and the Tenancy Deposit Scheme. Your landlord must lodge it within 30 days of receiving it.","تستخدم إنجلترا وويلز ثلاثة أنظمة معتمدة: خدمة حماية الودائع، وماي ديبوزيتس، ونظام ودائع الإيجار. وعلى مالكك إيداعها خلال 30 يوماً من استلامها.",""
"curriculum","prompt","You rent in Scotland. Where must your deposit be held?","تستأجر في اسكتلندا. أين يجب إيداع وديعة إيجارك؟",""
"curriculum","","In the landlord's own account","في حساب المالك الشخصي",""
"curriculum","","In one of the England and Wales schemes","في أحد أنظمة إنجلترا وويلز",""
"curriculum","","In a separate Scottish tenancy deposit scheme","في نظام ودائع اسكتلندي مستقل",""
"curriculum","","Nowhere in particular","في أي مكان، لا يهم",""
"curriculum","why","Scotland runs its own tenancy deposit schemes, separately from England and Wales. A landlord who only knows the English scheme names is a warning sign that the deposit may not have been lodged.","لدى اسكتلندا أنظمتها الخاصة للودائع، منفصلة عن إنجلترا وويلز. المالك الذي يعرف أسماء الأنظمة الإنجليزية فقط مؤشر على أن الوديعة قد لا تكون قد أُودعت.",""
"curriculum","prompt","You rent in Northern Ireland. Where must your deposit be held?","تستأجر في أيرلندا الشمالية. أين يجب إيداع وديعة إيجارك؟",""
"curriculum","","In the landlord's own account","في حساب المالك الشخصي",""
"curriculum","","In one of the England and Wales schemes","في أحد أنظمة إنجلترا وويلز",""
"curriculum","","In a separate Northern Ireland tenancy deposit scheme","في نظام ودائع مستقل لأيرلندا الشمالية",""
"curriculum","","Nowhere in particular","في أي مكان، لا يهم",""
"curriculum","why","Northern Ireland has its own tenancy deposit scheme, separate from the three used in England and Wales. Ask which scheme your deposit went into and get the name in writing.","لدى أيرلندا الشمالية نظام ودائع خاص بها، منفصل عن الأنظمة الثلاثة المستخدمة في إنجلترا وويلز. اسأل في أي نظام أُودعت وديعة إيجارك واحصل على الاسم كتابةً.",""
"curriculum","prompt","Your parents pay your deposit for you. Does it still need protecting?","والداك دفعا الوديعة عنك. هل تبقى بحاجة إلى حماية؟",""
"curriculum","","No, because you did not pay it","لا، لأنك لم تدفعها",""
"curriculum","","Yes, the same rules apply","نعم، تنطبق القواعد نفسها",""
"curriculum","","Only if it is more than one month of rent","فقط إذا زادت عن إيجار شهر",""
"curriculum","","Only if they sign the tenancy too","فقط إذا وقّعا العقد أيضاً",""
"curriculum","why","The landlord must use a scheme even when the deposit comes from someone else, including a rent deposit scheme or a parent. Who paid it does not change the protection.","على المالك استخدام نظام معتمد حتى لو جاءت الوديعة من شخص آخر، بما في ذلك نظام ضمان الإيجار أو أحد الوالدين. من دفع لا يغيّر الحماية.",""
"curriculum","prompt","You pay £200 to hold a property before the tenancy is signed. Does that need protecting?","تدفع £200 لحجز عقار قبل توقيع العقد. هل تحتاج إلى حماية؟",""
"curriculum","","Yes, from the moment you pay it","نعم، من لحظة دفعها",""
"curriculum","","No, but it does once you become a tenant","لا، لكنها تحتاج إليها حين تصبح مستأجراً",""
"curriculum","","No, and never","لا، ولا تحتاج أبداً",""
"curriculum","","Only if the landlord keeps it","فقط إذا احتفظ بها المالك",""
"curriculum","why","A holding deposit does not have to be protected. Once you become a tenant it turns into a deposit, and from that point it must be lodged in a scheme.","وديعة الحجز لا يلزم حمايتها. وعندما تصبح مستأجراً تتحوّل إلى وديعة، ومن تلك اللحظة يجب إيداعها في نظام معتمد.",""
"curriculum","prompt","At the end of the year your landlord wants to keep £300 for a carpet worn thin along the walkway. What is the strongest move?","في نهاية السنة يريد مالكك الاحتفاظ بـ £300 مقابل سجادة رقّت عند ممر المشي. ما أقوى خطوة؟",""
"curriculum","label","Pay it, arguing will cost more than £300","ادفعها، الجدال سيكلّف أكثر من £300",""
"curriculum","outcome","You fund a deduction you never tested. Disputes through the scheme are free and the money stays protected while they run.","تدفع خصماً لم تختبره قط. النزاع عبر النظام مجاني ويبقى المال محمياً أثناءه.",""
"curriculum","label","Raise it through the scheme and let it decide","اعرض الأمر على النظام واتركه يقرّر",""
"curriculum","outcome","Correct move. The scheme holds the money until the dispute is settled, and ordinary wear from living in a property is the classic case where a deduction gets reduced.","خطوة صحيحة. يحتفظ النظام بالمال حتى يُحل النزاع، والاستهلاك الطبيعي من السكن هو الحالة الأشهر التي يُخفَّض فيها الخصم.",""
"curriculum","label","Stop paying rent until it is returned","أوقف دفع الإيجار حتى تُرد",""
"curriculum","outcome","This puts you in breach and gives the landlord a much stronger position than the carpet ever did.","هذا يضعك في إخلال بالعقد ويمنح المالك موقفاً أقوى بكثير من مسألة السجادة.",""
"curriculum","title","Three things to do before you sign","ثلاث خطوات قبل التوقيع",""
"curriculum","body","Ask which scheme the deposit will go into. Get the scheme name and the deposit amount in writing. Photograph the whole property on the day you move in, with dates, because the condition you left it in is only ever compared against the condition you found it in.","اسأل في أي نظام ستُودع الوديعة. واحصل على اسم النظام ومبلغ الوديعة كتابةً. وصوّر العقار كاملاً يوم انتقالك مع التواريخ، لأن حالة العقار عند خروجك تُقارن دائماً بحالته عند دخولك.",""
"curriculum","title","Building Wealth","بناء الثروة",""
"curriculum","tagline","Turn a surplus into something that compounds","حوّل الفائض إلى شيء ينمو",""
"curriculum","title","From buffer to compounding","من الاحتياط إلى النمو التراكمي",""
"curriculum","title","Your first £500","أول 500 جنيه",""
"curriculum","objective","Build a cash buffer before you invest anything, and keep it somewhere protected.","ابنِ احتياطياً نقدياً قبل أي استثمار، واحفظه في مكان محمي.",""
"curriculum","relevance","A buffer is not a savings goal and it is not an investment. It is the thing that stops one bad week turning into a credit card balance that then costs you for years.","الاحتياطي ليس هدف ادخار وليس استثماراً. إنه ما يمنع أسبوعاً سيئاً واحداً من أن يتحوّل إلى رصيد بطاقة ائتمان يكلّفك سنوات.",""
"curriculum","title","The buffer comes first","الاحتياطي أولاً",""
"curriculum","body","A buffer is a small amount of cash you can reach in a day, held for the specific job of absorbing a surprise. It exists so that a broken laptop, a dental bill or a sudden train fare never has to be borrowed for.","الاحتياطي مبلغ نقدي صغير يمكنك الوصول إليه في يوم، موضوع لغرض واحد: امتصاص المفاجآت. وجوده يعني أن جهازاً تعطّل أو فاتورة طبيب أو تذكرة قطار مفاجئة لا تحتاج إلى اقتراض.",""
"curriculum","","The size that matters first is small. A few hundred pounds covers most of what actually goes wrong for a student.","الحجم المهم في البداية صغير. بضع مئات من الجنيهات تغطي معظم ما يحدث فعلاً للطالب.",""
"curriculum","","Borrowing has a cost. Every emergency paid on credit instead of from cash is a purchase you are still paying for later.","الاقتراض له كلفة. كل طارئة تُدفع بالائتمان بدلاً من النقد هي شراء تستمر في دفع ثمنه لاحقاً.",""
"curriculum","title","Where your cash is protected","أين يكون نقدك محمياً",""
"curriculum","setup","If a bank fails and cannot return your money, the Financial Services Compensation Scheme pays you back automatically. The current limit is £120,000 per eligible person, per bank.","إذا تعثّر بنك ولم يستطع إعادة أموالك، يعوّضك نظام تعويض الخدمات المالية تلقائياً. الحد الحالي £120,000 لكل شخص مؤهل، لكل بنك.",""
"curriculum","label","One person, one bank","شخص واحد، بنك واحد",""
"curriculum","value","£120,000 protected","£120,000 محمية",""
"curriculum","label","Two banks sharing one licence","بنكان يتقاسمان ترخيصاً واحداً",""
"curriculum","value","Still £120,000 in total, not each","£120,000 إجمالاً، لا لكل بنك",""
"curriculum","label","A joint account","حساب مشترك",""
"curriculum","value","£120,000 per person","£120,000 لكل شخص",""
"curriculum","label","A large sum held briefly","مبلغ كبير يُحفظ مؤقتاً",""
"curriculum","value","Up to £1.4 million for six months","حتى £1.4 مليون لمدة ستة أشهر",""
"curriculum","takeaway","Protection depends on a firm being authorised in the first place. If it is not, there is no scheme behind it at all.","الحماية تعتمد أولاً على أن تكون الجهة مرخّصة. وإن لم تكن، فلا يوجد أي نظام يحميها.",""
"curriculum","title","Two brands can be one bank","علامتان قد تكونان بنكاً واحداً",""
"curriculum","body","Many banks operate several brands under a single banking licence. The £120,000 limit applies to everything you hold across all of those brands together, not to each app you happen to have. Check the licence before assuming two accounts means double the cover.","تشغّل بنوك كثيرة علامات متعددة بترخيص مصرفي واحد. حد £120,000 ينطبق على كل ما تحتفظ به في تلك العلامات مجتمعة، لا على كل تطبيق على حدة. تحقّق من الترخيص قبل أن تفترض أن حسابين يعنيان ضعف الحماية.",""
"curriculum","prompt","How much does the deposit scheme protect for one person at one bank?","كم يحمي نظام الودائع لشخص واحد في بنك واحد؟",""
"curriculum","","£50,000","£50,000",""
"curriculum","","£85,000","£85,000",""
"curriculum","","£120,000","£120,000",""
"curriculum","","There is no limit","لا يوجد حد",""
"curriculum","why","The limit rose to £120,000 on 1 December 2025. £85,000 was the old figure, which is why it still appears in a lot of older advice.","ارتفع الحد إلى £120,000 في 1 ديسمبر 2025. وكان £85,000 هو الرقم السابق، ولهذا ما زال يظهر في كثير من النصائح القديمة.",""
"curriculum","prompt","You have £80,000 in one bank and £60,000 in another brand that shares its licence. How much is protected?","لديك £80,000 في بنك، و£60,000 في علامة أخرى تتقاسم الترخيص نفسه. كم المبلغ المحمي؟",""
"curriculum","","£120,000","£120,000",""
"curriculum","","£140,000","£140,000",""
"curriculum","","£240,000","£240,000",""
"curriculum","","Nothing, because there are two accounts","لا شيء، لأن هناك حسابين",""
"curriculum","why","One licence means one bank. Your £140,000 is treated as a single holding, so £20,000 of it sits outside the limit.","ترخيص واحد يعني بنكاً واحداً. يُعامل مجموع £140,000 كحيازة واحدة، فيبقى £20,000 منها خارج الحد.",""
"curriculum","prompt","Before trusting a savings provider with your money, what is the check that matters?","قبل أن تأتمن جهة ادخار على مالك، ما التحقّق المهم؟",""
"curriculum","","The interest rate it advertises","سعر الفائدة الذي تعلنه",""
"curriculum","","Whether it appears on the Financial Services Register","هل تظهر في سجل الخدمات المالية",""
"curriculum","","How many reviews it has","عدد التقييمات التي لديها",""
"curriculum","","How long its website has existed","منذ متى يوجد موقعها",""
"curriculum","why","The register shows whether a firm is authorised and what it is allowed to do. A provider that is not on it has no compensation scheme behind it, however convincing the website looks.","يُظهر السجل هل الجهة مرخّصة وما المسموح لها به. والجهة غير المدرجة فيه لا يقف خلفها أي نظام تعويض، مهما بدا موقعها مقنعاً.",""
"curriculum","prompt","You have £2,000 set aside and your laptop dies, needing a £600 repair. What is the best use of the buffer?","لديك £2,000 جانباً وتعطّل حاسوبك وتحتاج إصلاحاً بـ £600. ما أفضل استخدام للاحتياطي؟",""
"curriculum","label","Pay the £600 from the buffer","ادفع £600 من الاحتياطي",""
"curriculum","outcome","That is exactly the job it was built for. You keep £1,400 and you start rebuilding towards the original figure.","هذا بالضبط ما وُجد له. يتبقى لديك £1,400 وتبدأ في إعادة بناء المبلغ الأصلي.",""
"curriculum","label","Put it on a credit card and keep the £2,000 intact","ضعه على بطاقة ائتمان وأبقِ £2,000 كما هي",""
"curriculum","outcome","The balance now costs you interest every month, so you pay more than £600 for the same repair. Keeping the buffer intact only looks tidy.","أصبح الرصيد يكلّفك فائدة شهرياً، فتدفع أكثر من £600 للإصلاح نفسه. والحفاظ على الاحتياطي كما هو مظهر مرتّب فقط.",""
"curriculum","label","Invest the £2,000 and borrow for the repair","استثمر £2,000 واقترض للإصلاح",""
"curriculum","outcome","You take on guaranteed borrowing costs to chase uncertain returns, which is the wrong way round.","تتحمّل كلفة اقتراض مؤكدة سعياً وراء عوائد غير مؤكدة، وهذا هو الترتيب المعكوس.",""
"curriculum","title","The order of operations","ترتيب الخطوات",""
"curriculum","body","Buffer first, then clear the expensive debt, then invest. Investing before you have a buffer means the first surprise forces you to sell at whatever price the market happens to be offering that week, which is how a temporary fall becomes a permanent loss.","الاحتياطي أولاً، ثم سداد الدَين المكلف، ثم الاستثمار. الاستثمار قبل وجود احتياطي يعني أن أول مفاجأة تجبرك على البيع بالسعر الذي يعرضه السوق ذلك الأسبوع، وهكذا يتحوّل الهبوط المؤقت إلى خسارة دائمة.",""
"curriculum","title","Compounding, honestly","النمو التراكمي بلا مبالغة",""
"curriculum","objective","Understand what compounding does over long periods, and what it cannot promise.","افهم ما يفعله النمو التراكمي على المدى الطويل، وما لا يمكنه أن يعدك به.",""
"curriculum","relevance","Compounding is the one genuine advantage you have at twenty, and it is also the single most oversold idea in personal finance. The difference between the real effect and the sales version is entirely about the assumptions.","النمو التراكمي هو الميزة الحقيقية الوحيدة التي تملكها في العشرين، وهو أيضاً أكثر فكرة مبالغ في بيعها في المال الشخصي. الفرق بين أثره الحقيقي ونسخته الدعائية كله في الافتراضات.",""
"curriculum","title","Growth applied to growth","نمو يُطبَّق على النمو",""
"curriculum","body","Compounding means the return you earn starts earning a return of its own. Nothing dramatic happens in any single year. The effect comes from the years stacking up, which is why the length of time matters more than the size of the amount when you are young.","النمو التراكمي يعني أن العائد الذي تكسبه يبدأ في كسب عائد خاص به. لا شيء مذهل يحدث في سنة واحدة. الأثر يأتي من تراكم السنوات، ولهذا تكون المدة أهم من المبلغ وأنت صغير.",""
"curriculum","","Ten years of contributions does something that two years of twice the contributions cannot copy.","عشر سنوات من المساهمات تفعل ما لا تستطيع سنتان بضعف المساهمة تقليده.",""
"curriculum","","The same mechanism works in reverse. Losses also compound, and they compound faster.","الآلية نفسها تعمل في الاتجاه المعاكس. الخسائر تتراكم أيضاً، بل أسرع.",""
"curriculum","title","The arithmetic, not a forecast","الحساب، لا التنبؤ",""
"curriculum","setup","Here is £100 a month at an assumed 5% a year, reinvested and left alone. The rate is chosen to show the shape of the curve. It is not a prediction and no investment promises it.","هذا £100 شهرياً بمعدل افتراضي 5% سنوياً، يُعاد استثماره ويُترك. المعدل اختير لإظهار شكل المنحنى. وهو ليس تنبؤاً ولا يضمنه أي استثمار.",""
"curriculum","label","After 10 years","بعد 10 سنوات",""
"curriculum","value","about £15,500, of which you paid in £12,000","حوالي £15,500، دفعت منها £12,000",""
"curriculum","label","After 20 years","بعد 20 سنة",""
"curriculum","value","about £41,100, of which you paid in £24,000","حوالي £41,100، دفعت منها £24,000",""
"curriculum","label","After 30 years","بعد 30 سنة",""
"curriculum","value","about £83,200, of which you paid in £36,000","حوالي £83,200، دفعت منها £36,000",""
"curriculum","label","After 40 years","بعد 40 سنة",""
"curriculum","value","about £152,600, of which you paid in £48,000","حوالي £152,600، دفعت منها £48,000",""
"curriculum","takeaway","Notice where the line crosses. By the end, the growth is more than twice everything you put in, and almost all of that comes from the last years. The early years look like nothing is happening.","لاحظ أين يتقاطع الخط. في النهاية يصبح النمو أكثر من ضعف كل ما دفعته، ومعظمه يأتي من السنوات الأخيرة. أما السنوات الأولى فتبدو كأن لا شيء يحدث فيها.",""
"curriculum","title","A fall and a rise are not symmetric","الهبوط والصعود ليسا متماثلين",""
"curriculum","body","If £1,000 falls by half you have £500, and getting back to £1,000 needs a rise of 100%. A 50% loss needs a 100% gain to undo. This is why protecting against large losses matters more than chasing large gains, and it is the part compounding enthusiasts tend to leave out.","إذا هبط £1,000 إلى النصف يصبح لديك £500، والعودة إلى £1,000 تحتاج ارتفاعاً بنسبة 100%. خسارة 50% تحتاج مكسباً 100% لمحوها. ولهذا فإن الحماية من الخسائر الكبيرة أهم من مطاردة المكاسب الكبيرة، وهذا ما يميل المتحمّسون للنمو التراكمي إلى إغفاله.",""
"curriculum","prompt","An investment of £1,000 falls by 50%. What rise does it need to get back to £1,000?","استثمار بـ £1,000 هبط بنسبة 50%. ما نسبة الارتفاع اللازمة للعودة إلى £1,000؟",""
"curriculum","","50%","50%",""
"curriculum","","75%","75%",""
"curriculum","","100%","100%",""
"curriculum","","150%","150%",""
"curriculum","why","£500 has to double to reach £1,000, and doubling is a rise of 100%. Losses need proportionally larger gains to recover, which is the whole reason a buffer comes before investing.","على £500 أن يتضاعف ليصل إلى £1,000، والتضاعف ارتفاع بنسبة 100%. الخسائر تحتاج مكاسب أكبر نسبياً للتعافي، ولهذا يأتي الاحتياطي قبل الاستثمار.",""
"curriculum","prompt","Match each idea to what it actually means.","صِل كل فكرة بمعناها الفعلي.",""
"curriculum","left","Starting early","البدء مبكراً",""
"curriculum","right","Matters more than the amount at your age","أهم من المبلغ في عمرك",""
"curriculum","left","A 50% fall","هبوط بنسبة 50%",""
"curriculum","right","Needs a 100% rise to undo","يحتاج ارتفاعاً 100% لمحوه",""
"curriculum","left","Three good years","ثلاث سنوات جيدة",""
"curriculum","right","Tell you nothing about the next three","لا تخبرك شيئاً عن الثلاث القادمة",""
"curriculum","prompt","In the table, what does the forty year row show?","في الجدول، ماذا يُظهر صف الأربعين سنة؟",""
"curriculum","","The growth is larger than everything you paid in","النمو أكبر من كل ما دفعته",""
"curriculum","","You paid in more than you earned","دفعت أكثر مما كسبت",""
"curriculum","","The growth is the same each year","النمو ثابت كل سنة",""
"curriculum","","It proves what will happen to your money","يُثبت ما سيحدث لمالك",""
"curriculum","why","£48,000 paid in, about £152,600 at the end, so the growth is a little over £104,000. It is the clearest argument for starting early, and it still rests on an assumed rate.","دفعت £48,000 ووصل المبلغ إلى حوالي £152,600، أي نمو يزيد قليلاً عن £104,000. هذا أوضح حجة للبدء مبكراً، وهو مع ذلك مبني على معدل افتراضي.",""
"curriculum","prompt","A friend shows you a chart where £1,000 became £4,000 in two years, and suggests you put your buffer in. What is the strongest response?","يعرض عليك صديق رسماً بيانياً تحوّل فيه £1,000 إلى £4,000 في سنتين، ويقترح أن تضع احتياطيك فيه. ما أقوى رد؟",""
"curriculum","label","Ask which platform they used and copy it","اسأل عن المنصة التي استخدموها وقلّدها",""
"curriculum","outcome","You are copying an outcome without the conditions that produced it, and the conditions are the part that mattered.","أنت تقلّد نتيجة دون الظروف التي أنتجتها، والظروف هي الجزء المهم.",""
"curriculum","label","Two years tells you nothing about the next two, and the buffer is not investable money","سنتان لا تخبرانك شيئاً عن السنتين القادمتين، والاحتياطي مال لا يُستثمر",""
"curriculum","outcome","Two separate correct points. A short run of returns is not evidence, and money you might need at short notice should not be exposed to a fall at all.","نقطتان صحيحتان منفصلتان. سلسلة عوائد قصيرة ليست دليلاً، والمال الذي قد تحتاجه في وقت قصير لا ينبغي تعريضه للهبوط أصلاً.",""
"curriculum","label","Invest a small amount, then more if it keeps working","استثمر مبلغاً صغيراً، ثم زد إن استمر النجاح",""
"curriculum","outcome","Adding after it works is buying after a rise, which is the opposite of a rule and just a way to feel safer while doing the same thing.","الإضافة بعد نجاحه شراء بعد ارتفاع، وهذا عكس القاعدة، وهو مجرد طريقة للشعور بالأمان مع فعل الشيء نفسه.",""
"curriculum","title","What you actually control","ما تتحكّم فيه فعلاً",""
"curriculum","body","You do not control returns, and anyone who says they do is selling something. You control how much goes in, how long it stays, what it costs you in fees, and whether you panic. Those four things decide most of the outcome.","أنت لا تتحكّم في العوائد، ومن يقول إنه يتحكّم فيها يبيع شيئاً. أنت تتحكّم في مقدار ما تدخله، وطول مدة بقائه، وكلفة الرسوم، وهل ستتصرّف بذعر. هذه الأمور الأربعة تحدّد معظم النتيجة.",""
"curriculum","title","ISA versus pension","الحساب المعفى مقابل التقاعد",""
"curriculum","objective","Choose the right tax wrapper for money based on when you need it.","اختر الوعاء الضريبي المناسب للمال حسب موعد احتياجك إليه.",""
"curriculum","relevance","An ISA and a pension are not two investments competing for your money. They are two containers with different rules about tax and access, and picking the wrong container for the wrong date is an expensive mistake to reverse.","الحساب المعفى وصندوق التقاعد ليسا استثمارين يتنافسان على مالك. إنهما وعاءان بقواعد مختلفة في الضريبة والوصول، واختيار الوعاء الخطأ للموعد الخطأ خطأ مكلف يصعب تصحيحه.",""
"curriculum","title","A wrapper is not an investment","الوعاء ليس استثماراً",""
"curriculum","body","A tax wrapper is a container that decides how your money is taxed. What you put inside it, whether that is cash or investments, is a separate decision. Two people can hold identical investments and pay completely different tax on them, purely because of the wrapper.","الوعاء الضريبي حاوية تحدّد كيف يُفرض الضريبة على مالك. أما ما تضعه داخلها، نقداً كان أو استثمارات، فهو قرار منفصل. وقد يحمل شخصان الاستثمارات نفسها ويدفعان ضرائب مختلفة تماماً بسبب الوعاء فقط.",""
"curriculum","","The ISA is the flexible wrapper. You can take money out whenever you like.","الحساب المعفى هو الوعاء المرن. يمكنك سحب المال متى شئت.",""
"curriculum","","The pension is the locked wrapper, and it is the only one where other people pay in alongside you.","التقاعد هو الوعاء المقفل، وهو الوحيد الذي يساهم فيه آخرون معك.",""
"curriculum","title","The two containers side by side","الوعاءان جنباً إلى جنب",""
"curriculum","setup","All figures are for the 2026 to 2027 tax year.","كل الأرقام تخص السنة الضريبية 2026 إلى 2027.",""
"curriculum","label","ISA allowance","حد الحساب المعفى",""
"curriculum","value","£20,000 a year across all your ISAs, no tax on growth or withdrawal","£20,000 سنوياً في كل حساباتك المعفاة، بلا ضريبة على النمو أو السحب",""
"curriculum","label","Lifetime ISA, part of that £20,000","حساب التقاعد المعفى، جزء من £20,000",""
"curriculum","value","£4,000 a year, government adds 25% up to £1,000, first payment before 40, paid in until 50","£4,000 سنوياً، تضيف الحكومة 25% حتى £1,000، أول دفعة قبل 40، والمساهمة حتى 50",""
"curriculum","label","Workplace pension, minimum","صندوق التقاعد، الحد الأدنى",""
"curriculum","value","You pay 5% and your employer pays 3%, on earnings between £6,240 and £50,270","تدفع 5% ويدفع صاحب العمل 3%، على الدخل بين £6,240 و£50,270",""
"curriculum","label","Tax relief on a pension","الإعفاء الضريبي على التقاعد",""
"curriculum","value","The government tops it up, at your marginal rate of tax","تضيف الحكومة مبلغاً، بمعدلك الضريبي الحدّي",""
"curriculum","takeaway","An ISA is money you can reach. A pension is money you cannot, and that is exactly why other people are willing to add to it.","الحساب المعفى مال يمكنك الوصول إليه. والتقاعد مال لا يمكنك الوصول إليه، ولهذا بالضبط يرغب آخرون في المساهمة فيه.",""
"curriculum","title","The Lifetime ISA withdrawal trap","فخ السحب من حساب التقاعد المعفى",""
"curriculum","body","You can only take money out of a Lifetime ISA without charge to buy a first home, or from age 60, or if you are terminally ill. Any other withdrawal carries a 25% charge on the whole amount you take, including the government bonus. Put in £800, receive a £200 bonus, and withdraw the £1,000 early: the charge is £250 and you are left with £750, which is less than you paid in.","لا يمكنك سحب المال من حساب التقاعد المعفى بلا رسوم إلا لشراء أول منزل، أو من عمر 60، أو عند مرض عضال. وأي سحب آخر يحمل رسوماً 25% على كامل المبلغ المسحوب، بما في ذلك منحة الحكومة. أودع £800 واحصل على منحة £200 واسحب £1,000 مبكراً: الرسوم £250 ويتبقى لك £750، أي أقل مما دفعت.",""
"curriculum","prompt","What is the most you can pay into ISAs in one tax year?","ما أقصى مبلغ يمكنك دفعه في الحسابات المعفاة خلال سنة ضريبية واحدة؟",""
"curriculum","","£4,000","£4,000",""
"curriculum","","£20,000","£20,000",""
"curriculum","","£50,000","£50,000",""
"curriculum","","There is no limit","لا يوجد حد",""
"curriculum","why","£20,000 across all your ISAs combined, and the Lifetime ISA allowance of £4,000 sits inside that total rather than on top of it.","£20,000 في كل حساباتك المعفاة مجتمعة، وحد حساب التقاعد المعفى البالغ £4,000 يقع داخل هذا الإجمالي لا فوقه.",""
"curriculum","prompt","You put £800 into a Lifetime ISA and get the £200 bonus. Next year you withdraw all £1,000 for something else. How much do you receive?","أودعت £800 في حساب التقاعد المعفى وحصلت على منحة £200. وفي السنة التالية سحبت £1,000 لسبب آخر. كم تستلم؟",""
"curriculum","","£750","£750",""
"curriculum","","£800","£800",""
"curriculum","","£1,000","£1,000",""
"curriculum","","£1,200","£1,200",""
"curriculum","why","The 25% charge applies to the full £1,000, not just the bonus, so it takes £250. You end up with £750 having paid in £800, which is why the Lifetime ISA is only worth opening when you are confident about your plan.","تُطبَّق رسوم 25% على £1,000 كاملة لا على المنحة فقط، فتقتطع £250. ينتهي بك الأمر بـ £750 بعد أن دفعت £800، ولهذا لا يستحق فتح حساب التقاعد المعفى إلا عندما تكون واثقاً من خطتك.",""
"curriculum","prompt","You are automatically enrolled in a workplace pension. What is the minimum total contribution?","أنت مشمول تلقائياً في صندوق تقاعد. ما الحد الأدنى لإجمالي المساهمة؟",""
"curriculum","","3% in total","3% إجمالاً",""
"curriculum","","5% in total","5% إجمالاً",""
"curriculum","","8% in total","8% إجمالاً",""
"curriculum","","15% in total","15% إجمالاً",""
"curriculum","why","8% in total, made up of 3% from your employer and 5% from you, on earnings between £6,240 and £50,270. The employer part is money you only receive if you join, which is why opting out is usually a poor trade.","8% إجمالاً، منها 3% من صاحب العمل و5% منك، على الدخل بين £6,240 و£50,270. أما حصة صاحب العمل فهي مال لا تحصل عليه إلا إذا انضممت، ولهذا يكون الانسحاب عادة صفقة سيئة.",""
"curriculum","prompt","You earn £45,000 in England and pay into a pension. At which rate does tax relief apply to your top slice of income?","تكسب £45,000 في إنجلترا وتساهم في صندوق تقاعد. بأي معدل يُطبَّق الإعفاء الضريبي على الجزء الأعلى من دخلك؟",""
"curriculum","","20%, the basic rate","20%، الشريحة الأساسية",""
"curriculum","","40%, the higher rate","40%، الشريحة العليا",""
"curriculum","","42%, the higher rate","42%، الشريحة العليا",""
"curriculum","","No relief at this income","لا إعفاء عند هذا الدخل",""
"curriculum","why","In England, Wales and Northern Ireland the higher rate begins at £50,271, so £45,000 is still inside the basic rate and relief is given at 20%. The rate of relief always follows your marginal rate.","في إنجلترا وويلز وأيرلندا الشمالية تبدأ الشريحة العليا عند £50,271، لذا يبقى £45,000 داخل الشريحة الأساسية ويكون الإعفاء بنسبة 20%. ومعدل الإعفاء يتبع دائماً معدلك الحدّي.",""
"curriculum","prompt","You earn £45,000 in Scotland and pay into a pension. At which rate does tax relief apply to your top slice of income?","تكسب £45,000 في اسكتلندا وتساهم في صندوق تقاعد. بأي معدل يُطبَّق الإعفاء الضريبي على الجزء الأعلى من دخلك؟",""
"curriculum","","20%, the basic rate","20%، الشريحة الأساسية",""
"curriculum","","21%, the intermediate rate","21%، الشريحة الوسطى",""
"curriculum","","42%, the higher rate","42%، الشريحة العليا",""
"curriculum","","No relief at this income","لا إعفاء عند هذا الدخل",""
"curriculum","why","Scotland's higher rate starts at £43,663, so at £45,000 you are already in it and relief is given at 42%. Pension relief is worth more to a Scottish taxpayer at this salary than to someone on the same salary in England, purely because the higher band starts lower.","تبدأ الشريحة العليا في اسكتلندا عند £43,663، فأنت عند £45,000 داخلها والإعفاء بنسبة 42%. إعفاء التقاعد أكثر قيمة لدافع الضريبة في اسكتلندا بهذا الراتب من نظيره في إنجلترا، فقط لأن الشريحة العليا تبدأ أدنى.",""
"curriculum","prompt","You are saving a house deposit and hope to buy in four years. The kind of flat you want costs around £480,000. Should the deposit go into a Lifetime ISA?","توفّر لدفعة منزل وتأمل الشراء بعد أربع سنوات. الشقة التي تريدها تكلّف حوالي £480,000. هل تضع الدفعة في حساب التقاعد المعفى؟",""
"curriculum","label","Yes, the 25% bonus is free money","نعم، منحة 25% مال مجاني",""
"curriculum","outcome","The bonus is real, but a Lifetime ISA can only be used on a first home costing £450,000 or less. At £480,000 you would face the 25% withdrawal charge and lose part of your own deposit.","المنحة حقيقية، لكن حساب التقاعد المعفى لا يُستخدم إلا لأول منزل بتكلفة £450,000 أو أقل. وعند £480,000 ستواجه رسوم سحب 25% وتخسر جزءاً من دفعتك.",""
"curriculum","label","No, the price cap rules it out","لا، سقف السعر يستبعده",""
"curriculum","outcome","Correct. A Lifetime ISA only helps if the property is £450,000 or less, the purchase is at least 12 months after your first payment, and you buy with a mortgage through a conveyancer. A plain stocks and shares ISA keeps the flexibility instead.","صحيح. حساب التقاعد المعفى لا ينفع إلا إذا كان العقار بـ £450,000 أو أقل، والشراء بعد 12 شهراً على الأقل من أول دفعة، وبتمويل عقاري عبر محامٍ. والحساب المعفى العادي يحفظ لك المرونة بدلاً من ذلك.",""
"curriculum","label","Yes, and buy a cheaper flat later","نعم، واشتر شقة أرخص لاحقاً",""
"curriculum","outcome","You are letting a tax rule decide which home you buy, which is the wrong way round.","أنت تدع قاعدة ضريبية تقرّر أي منزل تشتري، وهذا ترتيب معكوس.",""
"curriculum","title","Match the wrapper to the date","طابق الوعاء مع الموعد",""
"curriculum","body","Ask when you need the money, then choose the container. Under five years, keep it accessible. For a first home under the price cap, the Lifetime ISA pays you to save. For retirement, the pension is hard to beat because an employer adds to it and tax relief is added on top.","اسأل متى تحتاج المال، ثم اختر الوعاء. أقل من خمس سنوات، أبقِه متاحاً. ولأول منزل تحت سقف السعر، يدفع لك حساب التقاعد المعفى مقابل الادخار. وللتقاعد، يصعب مجاراة الصندوق لأن صاحب العمل يساهم فيه ويُضاف الإعفاء الضريبي فوق ذلك.",""
"curriculum","title","Crypto, tips, and hype cycles","العملات والنصائح ودورات الضجيج",""
"curriculum","objective","Run a check on an opportunity before your money does it for you.","افحص أي فرصة قبل أن يفحصها مالك بدلاً منك.",""
"curriculum","relevance","The warning signs of a bad offer are not secret and they are not subtle. They are published by the regulator. The reason people still lose money is that the signs are designed to arrive at the moment you are most excited, and excitement is not a check.","علامات التحذير من العرض السيئ ليست سراً وليست خفية، بل ينشرها الجهاز الرقابي. وسبب خسارة الناس أموالهم رغم ذلك أن هذه العلامات مصمّمة لتصل في اللحظة التي تكون فيها أكثر حماساً، والحماس ليس فحصاً.",""
"curriculum","title","The signs are published","العلامات منشورة",""
"curriculum","body","The Financial Conduct Authority lists the warning signs of a scam, and they are worth memorising because they work across every product. An offer does not have to be a cryptocurrency to be a fraud.","تسرد هيئة السلوك المالي علامات التحذير من الاحتيال، وتستحق الحفظ لأنها تنطبق على كل المنتجات. فليس شرطاً أن يكون العرض عملة رقمية ليكون احتيالاً.",""
"curriculum","","Was the contact unexpected? Fraudsters usually make the first move, out of the blue.","هل كان الاتصال مفاجئاً؟ المحتالون غالباً هم من يبدأ التواصل دون سابق معرفة.",""
"curriculum","","Are you being pushed to act quickly, or told the chance is only open for a short time?","هل يُدفعك أحد للتصرف بسرعة، أو يُقال إن الفرصة متاحة لفترة قصيرة فقط؟",""
"curriculum","","Is the offer kept secret, or claimed to be exclusively for you? Genuine investments are sold openly.","هل العرض سرّي، أو يُقال إنه لك وحدك؟ الاستثمارات الحقيقية تُطرح علناً.",""
"curriculum","title","What each sign tells you","ما تخبرك به كل علامة",""
"curriculum","setup","These are the regulator's own warning signs, and what each one is really telling you.","هذه علامات التحذير التي أعلنها الجهاز الرقابي، وما تخبرك به كل واحدة فعلاً.",""
"curriculum","label","It sounds too good to be true","يبدو أجمل من أن يكون حقيقياً",""
"curriculum","value","It probably is","غالباً هو كذلك",""
"curriculum","label","You feel flattered or chosen","تشعر بالإطراء أو بأنك مختار",""
"curriculum","value","That is a technique, not a compliment","هذا أسلوب إقناع، لا إطراء",""
"curriculum","label","You feel excited or worried","تشعر بحماس أو قلق",""
"curriculum","value","Strong emotion is the point, so slow down","المشاعر القوية هي الهدف، فتمهّل",""
"curriculum","label","They speak with authority","يتحدثون بثقة وسلطة",""
"curriculum","value","Knowing the vocabulary is not being authorised","معرفة المصطلحات ليست ترخيصاً",""
"curriculum","takeaway","If you answered yes to any of these, the answer is not to think harder. It is to stop and check, using a route that did not come from the person contacting you.","إذا أجبت بنعم على أي منها، فالحل ليس التفكير أكثر. الحل هو التوقّف والتحقّق عبر طريق لم يأتِ من الشخص الذي تواصل معك.",""
"curriculum","title","Clone firms use real registration numbers","الشركات المقلّدة تستخدم أرقاماً حقيقية",""
"curriculum","body","Some fraudsters copy the details of a genuinely authorised firm, including its name and reference number, so a register search appears to confirm them. The defence is to use the contact details listed on the register rather than the ones you were sent. If the number in the message does not match the number on the register, you are looking at a clone.","ينسخ بعض المحتالين بيانات شركة مرخّصة حقاً، بما في ذلك اسمها ورقم تسجيلها، فيبدو البحث في السجل مصدّقاً لهم. والدفاع هو استخدام بيانات التواصل المدرجة في السجل لا التي أُرسلت إليك. وإن لم يطابق الرقم الوارد في الرسالة الرقم المذكور في السجل، فأنت أمام شركة مقلّدة.",""
"curriculum","prompt","Which is the strongest single warning sign?","ما أقوى علامة تحذير واحدة؟",""
"curriculum","","An unexpected approach combined with pressure to act quickly","تواصل مفاجئ مع ضغط للتصرف بسرعة",""
"curriculum","","An investment you have not heard of before","استثمار لم تسمع به من قبل",""
"curriculum","","A company with a modern website","شركة بموقع حديث",""
"curriculum","","A product that is hard to understand","منتج يصعب فهمه",""
"curriculum","why","Being contacted unexpectedly is the first check, and urgency is what stops you running the others. Both together are the pattern the regulator puts at the top of its list.","التواصل المفاجئ هو أول ما تتحقّق منه، والاستعجال هو ما يمنعك من إجراء بقية الفحوص. واجتماعهما معاً هو النمط الذي يضعه الجهاز الرقابي في رأس قائمته.",""
"curriculum","prompt","A website displays an FCA reference number. Is that enough to trust it?","يعرض موقع رقم تسجيل لدى هيئة السلوك المالي. هل يكفي ذلك للثقة به؟",""
"curriculum","","Yes, the number cannot be faked","نعم، لا يمكن تزييف الرقم",""
"curriculum","","No, search the register yourself and use the contact details listed there","لا، ابحث في السجل بنفسك واستخدم بيانات التواصل المدرجة فيه",""
"curriculum","","Yes, if the website has been running a long time","نعم، إذا كان الموقع يعمل منذ مدة طويلة",""
"curriculum","","Only if a friend has used it","فقط إذا استخدمه صديق",""
"curriculum","why","Numbers are copied from real firms all the time. The register tells you what a firm is actually permitted to do, and its listed contact details are the ones you can trust.","تُنسخ الأرقام من شركات حقيقية باستمرار. السجل يخبرك بما يُسمح للشركة فعلاً بمزاولته، وبيانات التواصل المدرجة فيه هي التي يمكنك الوثوق بها.",""
"curriculum","prompt","Match each situation to the right response.","صِل كل حالة بالاستجابة الصحيحة.",""
"curriculum","left","They claim to be authorised","يدّعون أنهم مرخّصون",""
"curriculum","right","Check the firm on the register, then call the number listed there","تحقّق من الشركة في السجل، ثم اتصل بالرقم المدرج فيه",""
"curriculum","left","The email links to the regulator's website","البريد يحتوي رابطاً لموقع الجهاز الرقابي",""
"curriculum","right","Do not click it, type the address yourself","لا تضغط عليه، اكتب العنوان بنفسك",""
"curriculum","left","The offer closes today","العرض ينتهي اليوم",""
"curriculum","right","Treat that as a warning sign, not a reason to hurry","اعتبره علامة تحذير، لا سبباً للاستعجال",""
"curriculum","prompt","Someone from your course shows a large gain and invites you into a group that promises high fixed returns, saying the firm is authorised but the deal is kept quiet. What is the strongest move?","يعرض عليك أحد زملائك مكسباً كبيراً ويدعوك إلى مجموعة تَعِد بعوائد ثابتة مرتفعة، ويقول إن الشركة مرخّصة لكن الاتفاق سري. ما أقوى خطوة؟",""
"curriculum","label","Join for a small amount to test it","انضم بمبلغ صغير لتجربته",""
"curriculum","outcome","A first withdrawal is often allowed on purpose, because it buys trust for a much larger one. Testing with a small amount is exactly the move the structure is built for.","يُسمح أحياناً بأول سحب عمداً، لأنه يشتري ثقة تُمكّن من سحب أكبر بكثير. والتجربة بمبلغ صغير هي بالضبط الخطوة التي بُني الهيكل لأجلها.",""
"curriculum","label","Decline, because guaranteed high returns and secrecy are both warning signs","ارفض، لأن العوائد المرتفعة المضمونة والسرّية علامتا تحذير",""
"curriculum","outcome","Correct, and two separate signs at once makes it stronger. The check is free: look the firm up on the register yourself and use the listed contact details, not theirs.","صحيح، واجتماع علامتين مستقلتين يزيد الأمر وضوحاً. والفحص مجاني: ابحث عن الشركة في السجل بنفسك واستخدم بيانات التواصل المدرجة فيه لا بياناتهم.",""
"curriculum","label","Ask your friend to send proof of their gain first","اطلب من صديقك إثبات مكسبه أولاً",""
"curriculum","outcome","A screenshot is not evidence, and someone whose own money is already in has a reason to want you in too.","لقطة الشاشة ليست دليلاً، ومن كان ماله داخل التجربة لديه سبب ليريد دخولك معه.",""
"curriculum","title","If money is already gone","إذا ذهب المال بالفعل",""
"curriculum","body","Report it to the regulator and to the national fraud reporting service, and do it quickly because early reports help recover funds and warn others. Then expect a second approach, from someone offering to get your money back for an upfront fee. That is a known follow up fraud, and the people running it read the same lists you appear on.","أبلغ الجهاز الرقابي وخدمة الإبلاغ الوطنية عن الاحتيال، وبادر بذلك لأن الإبلاغ المبكر يساعد في استعادة الأموال وتحذير الآخرين. ثم توقّع تواصلاً ثانياً من شخص يعرض إعادة أموالك مقابل رسوم مقدّمة. هذا احتيال متابعة معروف، والقائمون عليه يقرؤون القوائم نفسها التي يظهر فيها اسمك.",""
"curriculum","title","Islamic Finance","التمويل الإسلامي",""
"curriculum","tagline","Practical halal money, not a rulings revision class","مال حلال عملي، لا مراجعة أحكام",""
"curriculum","audience","Optional branch. Assumes you know why riba is prohibited, this is about applying it to real UK products.","مسار اختياري. يفترض أنك تعرف حكم الربا, التركيز هنا على تطبيقه على المنتجات الواقعية.",""
"curriculum","title","Applying it, not reciting it","التطبيق لا الترديد",""
"curriculum","title","Reading an Islamic mortgage","قراءة رهن إسلامي",""
"curriculum","objective","Tell the three main home finance structures apart, and know what to ask before signing.","افرق بين هياكل التمويل العقاري الثلاثة الرئيسية، واعرف ما تسأل عنه قبل التوقيع.",""
"curriculum","relevance","A house is the largest purchase most people ever make, and it is the point where the prohibition on interest stops being theoretical. Islamic home finance exists for this, but the products are not identical and the scholars are not unanimous about all of them.","المنزل أكبر عملية شراء يقوم بها معظم الناس، وهو النقطة التي يتوقف عندها تحريم الربا عن كونه نظرياً. التمويل العقاري الإسلامي وُجد لهذا، لكن المنتجات ليست متطابقة والعلماء ليسوا متفقين على كل منها.",""
"curriculum","title","Lending money for interest is the thing being avoided","إقراض المال بفائدة هو ما يُتجنَّب",""
"curriculum","body","A conventional mortgage is a loan of money repaid with more money. Islamic finance reaches the same practical outcome, buying a home over time, by using a contract where the bank earns from trade, from rent, or from a share of ownership rather than from lending cash.","الرهن التقليدي قرض مال يُسدَّد بمال أكثر. التمويل الإسلامي يصل إلى النتيجة العملية نفسها، تملك منزل على مدى سنوات، عبر عقد يكسب فيه البنك من التجارة أو من الإيجار أو من حصة ملكية، لا من إقراض نقد.",""
"curriculum","","The bank still makes money. The difference is what it is making money from.","البنك يربح في كل الأحوال. الفرق هو مصدر هذا الربح.",""
"curriculum","","Because a real asset or a real share is involved, the bank carries genuine risk, which interest on a loan does not require.","لأن هناك أصلاً حقيقياً أو حصة حقيقية، يتحمّل البنك مخاطرة حقيقية، وهو ما لا تتطلبه الفائدة على قرض.",""
"curriculum","title","The three structures you will meet","الهياكل الثلاثة التي ستقابلها",""
"curriculum","setup","Almost every UK Islamic home finance product is built on one of these. Knowing which one you are being offered is the first thing to establish.","كل منتج تمويل عقاري إسلامي في بريطانيا تقريباً يقوم على واحد من هذه. ومعرفة أيها يُعرض عليك هي أول ما يجب تحديده.",""
"curriculum","label","Murabaha, a cost plus sale","المرابحة، بيع بزيادة معلنة",""
"curriculum","value","The bank buys the property and sells it to you at a disclosed markup, paid in instalments","يشتري البنك العقار ويبيعه لك بزيادة معلنة، تُسدَّد على أقساط",""
"curriculum","label","Ijara, a lease","الإجارة، عقد إيجار",""
"curriculum","value","The bank owns the property, you pay rent, and ownership usually transfers at the end","يملك البنك العقار وتدفع إيجاراً، وتنتقل الملكية عادة في النهاية",""
"curriculum","label","Diminishing musharakah, a partnership","المشاركة المتناقصة، شراكة",""
"curriculum","value","You and the bank own it together, you buy out the bank's share over time and pay rent on that share","تملكان العقار معاً، وتشتري حصة البنك تدريجياً وتدفع إيجاراً على تلك الحصة",""
"curriculum","takeaway","In each case the money the bank receives is a profit on a sale, a rent on a lease, or a return on a share. Ask which structure you are being offered, because it changes what you actually own during the term.","في كل حالة يكون ما يستلمه البنك ربحاً على بيع، أو إيجاراً على عقد إيجار، أو عائداً على حصة. اسأل أي هيكل يُعرض عليك، لأنه يغيّر ما تملكه فعلاً خلال المدة.",""
"curriculum","title","Halal does not mean identical, and scholars differ","الحلال لا يعني التطابق، والعلماء يختلفون",""
"curriculum","body","Islamic Finance Guru, who have published a formal Sharia policy, describe Islamic mortgages as halal but with room for improvement and work still to be done on the products. Many UK products are priced by reference to a conventional interest benchmark, and scholars differ on how much that matters. Islamic Finance Guru state that where they hold a minority view they will flag it, and their policy is explicit that they do not issue rulings and that readers should consult their own scholars.","تصف منصة Islamic Finance Guru، التي نشرت سياسة شرعية رسمية، الرهون الإسلامية بأنها حلال لكن فيها مجالاً للتحسين وما زال هناك عمل يُنجز على المنتجات. كثير من المنتجات البريطانية يُسعَّر بالرجوع إلى مؤشر فائدة تقليدي، والعلماء يختلفون في مدى أهمية ذلك. وتنص سياسة المنصة صراحة على أنها لا تُصدر فتاوى، وأن على القارئ الرجوع إلى علمائه.",""
"curriculum","prompt","In a murabaha, what does the bank earn?","في المرابحة، من أين يكسب البنك؟",""
"curriculum","","Interest on the money it lent you","فائدة على المال الذي أقرضك",""
"curriculum","","A markup on a sale, disclosed up front","زيادة على بيع، معلنة مقدماً",""
"curriculum","","A share of your salary","حصة من راتبك",""
"curriculum","","Nothing, it is a charity","لا شيء، فهو عمل خيري",""
"curriculum","why","The bank's return comes from the sale price, not from a charge for the use of money. The markup is fixed and known when you sign, which is what separates it from a variable interest charge.","عائد البنك يأتي من ثمن البيع، لا من مقابل استخدام المال. والزيادة ثابتة ومعلومة عند التوقيع، وهذا ما يميزها عن فائدة متغيرة.",""
"curriculum","prompt","In diminishing musharakah, what happens as you make payments?","في المشاركة المتناقصة، ماذا يحدث مع سدادك للدفعات؟",""
"curriculum","","You repay a loan with interest","تسدّد قرضاً بفائدة",""
"curriculum","","You buy the bank's share until you own it all","تشتري حصة البنك حتى تملك العقار كاملاً",""
"curriculum","","The bank's share grows","تزداد حصة البنك",""
"curriculum","","Nothing changes until the end","لا شيء يتغير حتى النهاية",""
"curriculum","why","Your ownership share rises and the bank's falls. Rent is paid on the portion the bank still owns, so the rent falls as your share grows, which is a different shape from a level interest payment.","ترتفع حصتك وتنخفض حصة البنك. ويُدفع الإيجار على الجزء الذي ما زال البنك يملكه، فيقل الإيجار مع نمو حصتك، وهذا شكل مختلف عن دفعة فائدة ثابتة.",""
"curriculum","prompt","Match each structure to how the bank earns.","صِل كل هيكل بطريقة كسب البنك فيه.",""
"curriculum","left","Murabaha","مرابحة",""
"curriculum","right","A disclosed markup on a sale","زيادة معلنة على بيع",""
"curriculum","left","Ijara","إجارة",""
"curriculum","right","Rent on a property it owns","إيجار على عقار يملكه",""
"curriculum","left","Diminishing musharakah","مشاركة متناقصة",""
"curriculum","right","A return on the share it still holds","عائد على الحصة التي ما زال يملكها",""
"curriculum","prompt","Scholars do not agree on every structure. What is the right response?","لا يتفق العلماء على كل هيكل. ما التصرف الصحيح؟",""
"curriculum","","Check the provider's Shariah board, then consult your own scholar and read the contract","تحقّق من هيئة الرقابة الشرعية للمزوّد، ثم استشر عالمك واقرأ العقد",""
"curriculum","","Assume the word halal settles it","افترض أن كلمة حلال تحسم الأمر",""
"curriculum","","Avoid home ownership entirely","تجنّب تملك المنزل تماماً",""
"curriculum","","Take whichever is cheapest","اختر الأرخص",""
"curriculum","why","A provider having its own Shariah board tells you the provider's position, not yours. Where credible scholars differ, the honest approach is to find out which view you are following and why.","وجود هيئة رقابة شرعية لدى المزوّد يخبرك بموقف المزوّد لا بموقفك. وحين يختلف علماء معتبرون، فالمنهج الصادق هو معرفة أي رأي تتبع ولماذا.",""
"curriculum","prompt","You are offered a home finance plan and the rent or profit rate can be reviewed during the term. What is the most useful thing to establish before signing?","يُعرض عليك برنامج تمويل عقاري وقابلية مراجعة الإيجار أو معدل الربح خلال المدة. ما أنفع ما تحدّده قبل التوقيع؟",""
"curriculum","label","Accept it, all mortgages do this","اقبله، فكل الرهون تفعل ذلك",""
"curriculum","outcome","You may have taken on a cost that can move, without knowing how it is set or what it is tied to.","قد تكون تحمّلت كلفة قابلة للتغيّر دون أن تعرف كيف تُحدَّد أو بماذا ترتبط.",""
"curriculum","label","How the rate is set, what it is linked to, and how the rent reflects the share still owned","كيف يُحدَّد المعدل، وبماذا يرتبط، وكيف يعكس الإيجار الحصة التي ما زال البنك يملكها",""
"curriculum","outcome","That is the right question. The structure only means something if the rent tracks the bank's falling share rather than sitting at a fixed level.","هذا هو السؤال الصحيح. والهيكل لا يعني شيئاً إلا إذا تبع الإيجار حصة البنك المتناقصة بدلاً من الثبات عند مستوى واحد.",""
"curriculum","label","Compare only the headline percentage","قارن النسبة المعلنة فقط",""
"curriculum","outcome","Two products can show the same number and behave quite differently, because one is a rent on a falling share and the other is a payment on a fixed amount.","قد يُظهر منتجان الرقم نفسه ويتصرفان بشكل مختلف تماماً، لأن أحدهما إيجار على حصة متناقصة والآخر دفعة على مبلغ ثابت.",""
"curriculum","title","What to take away","ما تأخذه معك",""
"curriculum","body","Learn which structure you are being offered, ask how the bank's return is calculated and whether it can change, check that the provider has its own Shariah board, and then take the contract to a scholar you trust before you sign. This lesson explains the mechanics. It does not rule on whether a particular product is permissible for you.","اعرف أي هيكل يُعرض عليك، واسأل كيف يُحسب عائد البنك وهل يمكن أن يتغيّر، وتحقّق من وجود هيئة رقابة شرعية لدى المزوّد، ثم اعرض العقد على عالم تثق به قبل التوقيع. هذا الدرس يشرح الآلية، ولا يحكم على جواز منتج بعينه لك.",""
"curriculum","title","Screening a stock properly","فحص سهم بعناية",""
"curriculum","objective","Apply the business and financial screens, and understand why screeners disagree.","طبّق الفحصين: النشاط والمالي، وافهم لماذا تختلف نتائج الفاحصين.",""
"curriculum","relevance","Most large companies carry some debt and earn some interest somewhere. That is why a share is not judged only on what the company does, but also on how it is financed, and why the numbers matter as much as the business itself.","معظم الشركات الكبيرة تحمل بعض الدَين وتكسب بعض الفائدة في مكان ما. ولهذا لا يُحكم على السهم بما تفعله الشركة فقط، بل أيضاً بكيفية تمويلها، ولهذا تكون الأرقام مهمة بقدر أهمية النشاط نفسه.",""
"curriculum","title","Two screens, not one","فحصان لا فحص واحد",""
"curriculum","body","Screening a share means answering two separate questions. What does the company actually do, and how is it financed? A company can pass the first and fail the second.","فحص السهم يعني الإجابة على سؤالين منفصلين: ماذا تفعل الشركة فعلاً، وكيف تُموَّل؟ وقد تنجح الشركة في الأول وتفشل في الثاني.",""
"curriculum","","The business screen looks at the activity itself, such as alcohol, gambling or conventional banking, and it allows no small percentage of that.","فحص النشاط ينظر إلى النشاط ذاته، كالخمر أو القمار أو البنوك التقليدية، ولا يسمح بنسبة صغيرة منه.",""
"curriculum","","The financial screen looks at the balance sheet, because interest-bearing debt and interest income can appear in an otherwise ordinary business.","الفحص المالي ينظر إلى الميزانية، لأن الدَين بفائدة ودخل الفائدة قد يظهران في شركة عادية في ما عدا ذلك.",""
"curriculum","title","How the financial screen is applied","كيف يُطبَّق الفحص المالي",""
"curriculum","setup","AAOIFI, the Accounting and Auditing Organization for Islamic Financial Institutions, sets Shariah Standard 21. It was founded in 1991 and its standards are followed by institutions in over 45 countries. The financial screen is expressed as ratios.","وضعت هيئة المحاسبة والمراجعة للمؤسسات المالية الإسلامية (AAOIFI) المعيار الشرعي رقم 21. تأسست عام 1991 وتتبع معاييرها مؤسسات في أكثر من 45 دولة. ويُعبَّر عن الفحص المالي بنسب.",""
"curriculum","label","Interest-bearing debt","الدَين بفائدة",""
"curriculum","value","under 30% of market capitalisation","أقل من 30% من القيمة السوقية",""
"curriculum","label","Income from interest","الدخل من الفائدة",""
"curriculum","value","under 5% of revenue","أقل من 5% من الإيرادات",""
"curriculum","label","Cash and interest-bearing securities","النقد والأوراق المالية بفائدة",""
"curriculum","value","under 30% of market capitalisation","أقل من 30% من القيمة السوقية",""
"curriculum","takeaway","Notice that these are small tolerances, not permissions. A company is not being blessed for earning interest, it is being judged as an acceptable investment despite a small unavoidable amount.","لاحظ أن هذه نسب سماح صغيرة، لا إباحات. فالشركة لا تُبارَك لأجل كسبها فائدة، بل تُقيَّم كاستثمار مقبول رغم مبلغ صغير لا يمكن تجنّبه.",""
"curriculum","title","Two screeners can disagree about the same stock","قد يختلف فاحصان على السهم نفسه",""
"curriculum","body","Several standards are in use alongside AAOIFI, including the Dow Jones Islamic Market, FTSE and MSCI methodologies. They define the ratios differently and use different denominators, so a company can pass one screen and fail another. The answer you get depends on the standard being applied, and taking one app's verdict as final is a mistake.","تُستخدم إلى جانب AAOIFI معايير عدة، منها منهجيات داو جونز الإسلامية وفوتسي ومورجان ستانلي. وهي تعرّف النسب بشكل مختلف وتستخدم مقامات مختلفة، فقد تنجح شركة في فحص وتفشل في آخر. والجواب الذي تحصل عليه يعتمد على المعيار المطبَّق، واعتبار نتيجة تطبيق واحد نهائية خطأ.",""
"curriculum","prompt","Which screen comes first?","أي فحص يأتي أولاً؟",""
"curriculum","","The financial ratios","النسب المالية",""
"curriculum","","What the business actually does","ما تفعله الشركة فعلاً",""
"curriculum","","The share price","سعر السهم",""
"curriculum","","How long the company has existed","منذ متى توجد الشركة",""
"curriculum","why","The business screen allows no tolerance at all. If the core activity is excluded, no ratio rescues it. Only if the activity is acceptable do the financial ratios come into play.","فحص النشاط لا يسمح بأي نسبة إطلاقاً. فإن كان النشاط الأساسي مستبعداً، لم تنفعه أي نسبة. ولا تدخل النسب المالية في الحساب إلا إذا كان النشاط مقبولاً.",""
"curriculum","prompt","A company has interest-bearing debt equal to 40% of its market capitalisation. Does it pass the AAOIFI debt screen?","شركة دَينها بفائدة يساوي 40% من قيمتها السوقية. هل تنجح في فحص الدَين لدى AAOIFI؟",""
"curriculum","","Yes, any amount is allowed","نعم، أي مبلغ مسموح",""
"curriculum","","No, the limit is under 30%","لا، الحد أقل من 30%",""
"curriculum","","Only if it pays no interest","فقط إن لم تدفع فائدة",""
"curriculum","","Only if its revenue is under 5%","فقط إن كانت إيراداتها أقل من 5%",""
"curriculum","why","40% is above the 30% ceiling, so it fails. This is the kind of case where a company that looks perfectly ordinary can still be screened out, because of how it is financed rather than what it sells.","40% يتجاوز سقف 30%، فيفشل. وهذه هي الحالة التي قد تُستبعد فيها شركة تبدو عادية تماماً، بسبب طريقة تمويلها لا بسبب ما تبيعه.",""
"curriculum","prompt","Match each screen to what it measures.","صِل كل فحص بما يقيسه.",""
"curriculum","left","Business activity screen","فحص النشاط",""
"curriculum","right","What the company sells or does","ما تبيعه الشركة أو تفعله",""
"curriculum","left","Debt ratio","نسبة الدَين",""
"curriculum","right","How the company is financed","كيف تُموَّل الشركة",""
"curriculum","left","Interest income ratio","نسبة دخل الفائدة",""
"curriculum","right","How much it earns from interest","كم تكسب من الفائدة",""
"curriculum","prompt","Why might two halal screeners give different answers on the same stock?","لماذا قد يعطي فاحصان مختلفان نتيجة مختلفة على السهم نفسه؟",""
"curriculum","","One of them is wrong","أحدهما مخطئ",""
"curriculum","","They apply different standards, ratios and denominators","يطبّقان معايير ونسباً ومقامات مختلفة",""
"curriculum","","The share price changed","تغيّر سعر السهم",""
"curriculum","","It is random","الأمر عشوائي",""
"curriculum","why","The standards genuinely differ. That is not a flaw to be resolved by picking the app that gives the answer you prefer, it is a reason to find out which standard you are following.","المعايير مختلفة فعلاً. وهذا ليس خللاً يُحل باختيار التطبيق الذي يعطي الجواب الذي تفضّله، بل سبب لمعرفة أي معيار تتبعه.",""
"curriculum","prompt","A stock appears on one app's halal list and fails another. What is the most useful next step?","يظهر سهم في قائمة حلال لتطبيق ويفشل في آخر. ما أنفع خطوة تالية؟",""
"curriculum","label","Use the app whose answer you prefer","استخدم التطبيق الذي تفضّل جوابه",""
"curriculum","outcome","That is choosing the conclusion and then finding the method, which works in neither investing nor law.","هذا اختيار للنتيجة ثم البحث عن طريقة، وهو لا يصح في الاستثمار ولا في الفقه.",""
"curriculum","label","Find out which standard each app applies, and check the failing ratio against your own view","اعرف المعيار الذي يطبّقه كل تطبيق، وتحقّق من النسبة الراسبة مقابل رأيك",""
"curriculum","outcome","Correct. The disagreement is usually traceable to one specific ratio crossing one specific threshold, and that is a question you can actually put to a scholar.","صحيح. الخلاف عادة يعود إلى نسبة محددة تتجاوز حداً محدداً، وهذا سؤال يمكنك فعلاً طرحه على عالم.",""
"curriculum","label","Avoid all shares","تجنّب كل الأسهم",""
"curriculum","outcome","That removes the question rather than answering it, and gives up a legitimate route to building wealth.","هذا يحذف السؤال بدلاً من الإجابة عليه، ويتخلى عن طريق مشروع لبناء الثروة.",""
"curriculum","title","Screening is arithmetic, not a feeling","الفحص حساب لا شعور",""
"curriculum","body","You do not need to like a company for it to pass, and liking it will not make it pass. Learn which standard you are following, apply the ratios, and where the standards disagree, take the actual disagreement to a scholar rather than to the app. This lesson explains the method. It does not rule on any particular share.","لا يلزمك أن تحب الشركة لتنجح، ومحبتها لن تُنجحها. اعرف أي معيار تتبع، وطبّق النسب، وحين تختلف المعايير اعرض الخلاف الحقيقي على عالم لا على التطبيق. هذا الدرس يشرح الطريقة، ولا يحكم على سهم بعينه.",""
"curriculum","title","Zakat on a student's assets","الزكاة على أموال الطالب",""
"curriculum","objective","Work out whether Zakat applies to you at all, and on what.","حدّد إن كانت الزكاة تجب عليك أصلاً، وعلى أي مال.",""
"curriculum","relevance","Students usually assume they owe nothing, and usually they are right, but the reasoning matters. Zakat falls on wealth that sits, not on income that arrives, and most student money is spent soon after it lands.","يفترض الطلاب عادة أن لا شيء عليهم، وهم غالباً محقّون، لكن الاستدلال مهم. الزكاة تتعلق بالمال الذي يستقر، لا بالدخل الذي يصل، ومعظم أموال الطالب تُنفق بعد وصولها بقليل.",""
"curriculum","title","A charge on wealth, not on income","زكاة على المال لا على الدخل",""
"curriculum","body","Zakat is the third pillar and it works differently from the tax you already know. It is not taken from what you earn. It falls on wealth you already hold, once a lunar year has passed on it, and only if that wealth is above a threshold.","الزكاة هي الركن الثالث، وهي تعمل بشكل مختلف عن الضريبة التي تعرفها. فهي لا تؤخذ من دخلك، بل تتعلق بمال تملكه بالفعل، بعد مرور سنة قمرية عليه، وفقط إن تجاوز حداً معيناً.",""
"curriculum","","Income that arrives and is spent leaves nothing behind to be charged.","الدخل الذي يصل ويُنفق لا يترك شيئاً لتجب فيه الزكاة.",""
"curriculum","","Most students hold little beyond a term's expenses, which is why the honest answer is often that nothing is due.","معظم الطلاب لا يحتفظون بأكثر من مصاريف فصل دراسي، ولهذا يكون الجواب الصادق غالباً أنه لا شيء عليهم.",""
"curriculum","title","The numbers that decide it","الأرقام التي تحسم الأمر",""
"curriculum","setup","The National Zakat Foundation, a UK zakat institution, publishes the nisab converted from the classical weights.","تنشر مؤسسة الزكاة الوطنية في بريطانيا حدّ النصاب محوَّلاً من الأوزان الفقهية.",""
"curriculum","label","Nisab by gold","النصاب بالذهب",""
"curriculum","value","87.48 grams","87.48 غراماً",""
"curriculum","label","Nisab by silver","النصاب بالفضة",""
"curriculum","value","612.36 grams","612.36 غراماً",""
"curriculum","label","Another opinion, also in use","رأي آخر معمول به أيضاً",""
"curriculum","value","85 grams of gold, or 595 grams of silver","85 غراماً ذهباً أو 595 غراماً فضة",""
"curriculum","label","The rate","المقدار",""
"curriculum","value","2.5% of qualifying wealth","2.5% من المال الذي تجب فيه",""
"curriculum","takeaway","Notice that the nisab is a weight, not a sum of money. It has to be converted at the price of gold or silver on your own date, which means the figure changes every year, and the silver figure converts to a much lower amount than the gold one.","لاحظ أن النصاب وزن، لا مبلغ نقدي. ويجب تحويله بسعر الذهب أو الفضة في تاريخك أنت، ما يعني أن الرقم يتغير كل سنة، وأن رقم الفضة يعادل مبلغاً أقل بكثير من رقم الذهب.",""
"curriculum","title","The choice of metal changes whether you owe","اختيار المعدن يغيّر وجوب الزكاة",""
"curriculum","body","Because silver is worth far less per gram, the silver nisab converts to a much smaller sum than the gold nisab in almost every market. Following the silver figure means more people reach the threshold. Islamic Finance Guru note that scholars hold credible but different views here. The practical point is to pick one, be consistent, and apply it to your own date rather than to whichever number looks kinder.","لأن قيمة الفضة لكل غرام أقل بكثير، فإن نصاب الفضة يعادل مبلغاً أصغر من نصاب الذهب في معظم الأسواق. واعتماد رقم الفضة يعني أن عدداً أكبر من الناس يبلغ الحد. وتشير منصة Islamic Finance Guru إلى أن للعلماء آراء معتبرة مختلفة هنا. والنقطة العملية أن تختار واحداً وتلتزم به وتطبّقه على تاريخك، لا على الرقم الأسهل.",""
"curriculum","prompt","What is the rate of Zakat on qualifying wealth?","ما مقدار الزكاة في المال الذي تجب فيه؟",""
"curriculum","","1%","1%",""
"curriculum","","2.5%","2.5%",""
"curriculum","","5%","5%",""
"curriculum","","10%","10%",""
"curriculum","why","2.5% of the qualifying wealth, once a lunar year has passed on it and it stands above the nisab. The rate is not banded and does not rise with the amount.","2.5% من المال الذي تجب فيه، بعد مرور سنة قمرية عليه وكونه فوق النصاب. والمقدار ليس متدرجاً ولا يرتفع مع زيادة المبلغ.",""
"curriculum","prompt","When does Zakat become due again?","متى تجب الزكاة مرة أخرى؟",""
"curriculum","","Every time you are paid","كل مرة تُستلم فيها راتباً",""
"curriculum","","Once each lunar year, on your own anniversary date","مرة كل سنة قمرية، في تاريخك السنوي",""
"curriculum","","Only in Ramadan","في رمضان فقط",""
"curriculum","","Whenever you choose","متى شئت",""
"curriculum","why","It falls due on the anniversary of the lunar date you last paid it. Many people deliberately pay in Ramadan for the reward, which is fine, but the obligation itself follows your own date rather than the month.","تجب في ذكرى التاريخ القمري الذي دفعت فيه آخر مرة. وكثيرون يتعمّدون الدفع في رمضان طلباً للأجر، وهذا حسن، لكن الوجوب نفسه يتبع تاريخك لا الشهر.",""
"curriculum","prompt","What does the nisab actually represent?","ما الذي يمثّله النصاب فعلاً؟",""
"curriculum","","A fixed amount of pounds","مبلغ ثابت بالجنيه",""
"curriculum","","A weight of gold or silver, converted to money on your date","وزن من الذهب أو الفضة، يُحوَّل إلى مال في تاريخك",""
"curriculum","","A percentage of your salary","نسبة من راتبك",""
"curriculum","","Your total savings","إجمالي مدخراتك",""
"curriculum","why","It is a weight that has to be priced. That is exactly why the threshold moves each year and why the figure you see on one website may not match another.","هو وزن يجب تسعيره. ولهذا بالضبط يتحرك الحد كل سنة، ولهذا قد لا يطابق الرقم الذي تراه في موقع رقم موقع آخر.",""
"curriculum","prompt","Match each term to what it means.","صِل كل مصطلح بمعناه.",""
"curriculum","left","Nisab","النصاب",""
"curriculum","right","The threshold above which Zakat applies","الحد الذي تجب الزكاة فوقه",""
"curriculum","left","2.5%","2.5%",""
"curriculum","right","The amount taken from qualifying wealth","المقدار المأخوذ من المال الذي تجب فيه",""
"curriculum","left","Your anniversary date","تاريخك السنوي",""
"curriculum","right","When the year has passed and it falls due","متى مرّت السنة ووجبت",""
"curriculum","prompt","You are a student with £900 saved, no gold, no silver, no investments, and the money has been there for a year. What is the most sensible position?","أنت طالب لديك £900 مدّخرة، ولا ذهب ولا فضة ولا استثمارات، والمال باقٍ منذ سنة. ما الموقف الأسلم؟",""
"curriculum","label","Pay 2.5% immediately because you have savings","ادفع 2.5% فوراً لأن لديك مدخرات",""
"curriculum","outcome","You may be giving what is not due. Zakat is not triggered by having savings, it is triggered by being above the nisab.","قد تكون دفعت ما لا يجب. فوجوب الزكاة لا يتحقق بمجرد وجود مدخرات، بل بتجاوز النصاب.",""
"curriculum","label","Check the current nisab value, then decide, since £900 is probably below it","تحقّق من قيمة النصاب الحالية ثم قرّر، فـ £900 غالباً أقل منه",""
"curriculum","outcome","Correct approach. Convert the nisab at the current price on your date, and if you are below it, nothing is due this year. Recheck next year, because prices move.","منهج صحيح. حوّل النصاب بسعر اليوم في تاريخك، وإن كنت دونه فلا شيء عليك هذه السنة. وأعد التحقق السنة القادمة لأن الأسعار تتغير.",""
"curriculum","label","Assume students never owe anything","افترض أن الطلاب لا يجب عليهم شيء أبداً",""
"curriculum","outcome","The assumption often happens to be right, but arriving at it by accident means you will not notice the year it stops being true.","الافتراض يصح غالباً بالمصادفة، لكن الوصول إليه بالحظ يعني أنك لن تنتبه للسنة التي يتوقف فيها عن الصحة.",""
"curriculum","title","Knowing beats guessing","العلم أفضل من الظن",""
"curriculum","body","Students usually owe little or nothing, and knowing that with reasons is worth more than assuming it. Convert your nisab on your own date, check whether a lunar year has passed, and if the answer is still unclear, a zakat calculator or your local scholar can settle it in minutes. This lesson explains how the calculation works. It does not give a ruling on your particular assets.","الطلاب غالباً لا يجب عليهم إلا القليل أو لا شيء، ومعرفة ذلك مع الأسباب أنفع من افتراضه. حوّل نصابك في تاريخك، وانظر هل مرّت سنة قمرية، وإن بقي الأمر غير واضح فحاسبة زكاة أو عالم في منطقتك يحسمه في دقائق. هذا الدرس يشرح كيف يعمل الحساب، ولا يفتي في أموالك بعينها.",""
"curriculum","title","Interest-free saving that still grows","ادخار بلا فائدة وينمو رغم ذلك",""
"curriculum","objective","Understand what an Islamic savings account pays, and what it does not promise.","افهم ما يدفعه حساب ادخار إسلامي، وما لا يَعِد به.",""
"curriculum","relevance","Keeping everything in a current account feels safe and quietly loses money, because prices rise while the balance does not. Islamic banks offer a way to hold savings without interest, but the return works on a different basis, and the difference is not just wording.","إبقاء كل مالك في الحساب الجاري يبدو آمناً ويخسر بهدوء، لأن الأسعار ترتفع والرصيد لا يرتفع. وتقدّم البنوك الإسلامية طريقة لحفظ المدخرات دون فائدة، لكن العائد يقوم على أساس مختلف، والفرق ليس في الصياغة فقط.",""
"curriculum","title","Profit sharing instead of interest","مشاركة في الربح بدلاً من الفائدة",""
"curriculum","body","An Islamic savings account is not an interest account with a different label. You are not lending the bank money for a charge. Your money is put to work in the bank's halal activities, and you receive a share of the profit those activities produce.","حساب الادخار الإسلامي ليس حساب فائدة بمسمّى آخر. أنت لا تُقرض البنك مالاً مقابل مقابل مالي. بل يُشغَّل مالك في أنشطة البنك الحلال، وتستلم حصة من الربح الذي تنتجه تلك الأنشطة.",""
"curriculum","","A conventional account pays interest, which is the thing being avoided.","الحساب التقليدي يدفع فائدة، وهي الأمر الذي يُتجنَّب.",""
"curriculum","","An Islamic account pays a profit share, and a share can be less than expected, because it depends on how the underlying activity performed.","الحساب الإسلامي يدفع حصة من الربح، والحصة قد تقل عن المتوقع، لأنها تعتمد على أداء النشاط الأساسي.",""
"curriculum","title","What the number on the page really is","ما هو الرقم المذكور فعلاً",""
"curriculum","setup","Moneyfacts, which tracks UK savings accounts, explains the difference plainly: where a conventional account pays interest, a Shariah compliant account pays what is called an expected profit rate.","توضّح مؤسسة Moneyfacts، التي تتابع حسابات الادخار في بريطانيا، الفرق ببساطة: حيث يدفع الحساب التقليدي فائدة، يدفع الحساب المتوافق مع الشريعة ما يسمى بمعدل الربح المتوقع.",""
"curriculum","label","What you are paid","ما يُدفع لك",""
"curriculum","value","A share of profit, not interest","حصة من الربح، لا فائدة",""
"curriculum","label","Is it promised?","هل هو مضمون؟",""
"curriculum","value","It is targeted, not guaranteed, because it depends on the underlying assets","هو مستهدف لا مضمون، لأنه يعتمد على الأصول الأساسية",""
"curriculum","label","Who reviews the structure?","من يراجع الهيكل؟",""
"curriculum","value","The bank's Shariah board","هيئة الرقابة الشرعية في البنك",""
"curriculum","label","Is it still protected if the bank fails?","هل يبقى محمياً إن تعثّر البنك؟",""
"curriculum","value","Yes, the same deposit guarantee scheme as any authorised UK bank","نعم، النظام نفسه لضمان الودائع كما في أي بنك بريطاني مرخّص",""
"curriculum","takeaway","An expected profit rate of 3.9% and a savings rate of 3.9% look identical on a comparison table and are not the same promise. One is a share of a result, the other is a contractual charge for the use of money.","معدل ربح متوقع 3.9% ومعدل ادخار 3.9% يبدوان متطابقين في جدول المقارنة، وهما ليسا الوعد نفسه. أحدهما حصة من نتيجة، والآخر مقابل تعاقدي على استخدام المال.",""
"curriculum","title","Two things that are easy to miss","أمران يسهل تفويتهما",""
"curriculum","body","First, the word expected is doing real work. If the bank's underlying activity underperforms, the profit share can be lower, and that is a feature of the structure rather than a failure of it. Second, an Islamic account is still a bank account, so deposit protection applies per bank and not per account. Two accounts with brands that share a licence count as one for the guarantee limit.","أولاً، كلمة متوقع تؤدي دوراً حقيقياً. فإن ضعف أداء نشاط البنك الأساسي، قد تقل حصة الربح، وهذا من طبيعة الهيكل لا خلل فيه. وثانياً، الحساب الإسلامي يبقى حساباً بنكياً، فحماية الودائع تُحسب لكل بنك لا لكل حساب. وحسابان لعلامتين تتقاسمان ترخيصاً واحداً يُعدّان حساباً واحداً في حد الضمان.",""
"curriculum","prompt","What does an Islamic savings account pay you?","ما الذي يدفعه لك حساب الادخار الإسلامي؟",""
"curriculum","","Interest","فائدة",""
"curriculum","","A share of profit","حصة من الربح",""
"curriculum","","A dividend","أرباح أسهم",""
"curriculum","","Nothing at all","لا شيء إطلاقاً",""
"curriculum","why","A profit share from the bank's halal activity. That is why the rate is described as expected rather than as a rate you are owed.","حصة من الربح الناتج عن نشاط البنك الحلال. ولهذا يوصف المعدل بأنه متوقع لا بأنه مبلغ مستحق لك.",""
"curriculum","prompt","Is the expected profit rate guaranteed?","هل معدل الربح المتوقع مضمون؟",""
"curriculum","","Yes, exactly like an interest rate","نعم، تماماً كسعر الفائدة",""
"curriculum","","No, it is targeted and depends on how the underlying assets perform","لا، هو مستهدف ويعتمد على أداء الأصول الأساسية",""
"curriculum","","Only in the first year","في السنة الأولى فقط",""
"curriculum","","Only above a certain balance","فقط فوق رصيد معيّن",""
"curriculum","why","That is the point of sharing profit rather than charging for money. The return is tied to a real result, which is also why the bank carries genuine risk.","هذا هو معنى مشاركة الربح بدلاً من أخذ مقابل على المال. فالعائد مرتبط بنتيجة حقيقية، ولهذا أيضاً يتحمّل البنك مخاطرة حقيقية.",""
"curriculum","prompt","Why does leaving all your money in a current account lose value over time?","لماذا يفقد مالك قيمته إن تركته كله في الحساب الجاري؟",""
"curriculum","","Because of bank charges","بسبب رسوم البنك",""
"curriculum","","Because prices rise while the balance does not","لأن الأسعار ترتفع والرصيد لا يرتفع",""
"curriculum","","Because of tax","بسبب الضريبة",""
"curriculum","","It does not lose value","لا يفقد قيمته",""
"curriculum","why","The balance stays the same and buys less each year. Doing nothing is itself a decision, which is why leaving savings in cash is a real cost even though it never shows up on a statement.","يبقى الرصيد كما هو ويشتري أقل كل سنة. وعدم فعل شيء قرار بحد ذاته، ولهذا فإن ترك المدخرات نقداً كلفة حقيقية حتى إن لم تظهر في أي كشف.",""
"curriculum","prompt","Match each statement to the right account.","صِل كل عبارة بالحساب المناسب.",""
"curriculum","left","Pays interest","يدفع فائدة",""
"curriculum","right","A conventional savings account","حساب ادخار تقليدي",""
"curriculum","left","Pays an expected profit rate","يدفع معدل ربح متوقع",""
"curriculum","right","An Islamic savings account","حساب ادخار إسلامي",""
"curriculum","left","Covered by the deposit guarantee scheme","مشمول بنظام ضمان الودائع",""
"curriculum","right","Both of them","كلاهما",""
"curriculum","prompt","You need to park £300 for six months. A conventional easy access account offers 4.0% and an Islamic account offers 3.9%. What is the best way to think about it?","تحتاج إلى إيداع £300 لمدة ستة أشهر. حساب تقليدي سهل الوصول يعطي 4.0% وحساب إسلامي يعطي 3.9%. ما أفضل طريقة للتفكير؟",""
"curriculum","label","Take the higher number, the difference is real money","خذ الرقم الأعلى، فالفرق مال حقيقي",""
"curriculum","outcome","Over six months on £300 the gap is a matter of pence, while the question you are actually answering is about interest itself. The headline number is the smaller consideration here.","على £300 وستة أشهر يكون الفرق بضعة قروش، بينما السؤال الذي تجيب عليه فعلاً يتعلق بالفائدة نفسها. الرقم المعلن هو الاعتبار الأصغر هنا.",""
"curriculum","label","Recognise the 0.1% is not the deciding factor, and that both are protected by the same scheme","أدرك أن 0.1% ليست العامل الحاسم، وأن كليهما مشمول بالنظام نفسه",""
"curriculum","outcome","Correct framing. The two accounts carry the same guarantee, so the decision is about whether you want to receive interest, not about the rate at all.","تأطير صحيح. الحسابان يحملان الضمان نفسه، فالقرار يتعلق بما إذا كنت تريد استلام فائدة، لا بالمعدل إطلاقاً.",""
"curriculum","label","Leave it in the current account to avoid deciding","اتركه في الحساب الجاري لتجنّب القرار",""
"curriculum","outcome","Six months of doing nothing is still a decision, and it is the only option here that definitely loses value.","ستة أشهر من عدم الفعل قرار أيضاً، وهو الخيار الوحيد هنا الذي يخسر قيمة بالتأكيد.",""
"curriculum","title","What to check, and what else applies","ما تتحقق منه، وما ينطبق أيضاً",""
"curriculum","body","Look for an authorised UK bank, a stated basis for the profit share, and a Shariah board reviewing the structure. Remember that savings are part of what Zakat is calculated on, so the account is not outside that. And since providers and scholars differ on the details, ask your own scholar before moving a large amount. This lesson explains how the product works. It does not rule on any particular account.","ابحث عن بنك بريطاني مرخّص، وأساس معلن لتوزيع الربح، وهيئة رقابة شرعية تراجع الهيكل. وتذكّر أن المدخرات تدخل في حساب الزكاة، فالحساب ليس خارج ذلك. ولأن المزوّدين والعلماء يختلفون في التفاصيل، استشر عالمك قبل نقل مبلغ كبير. هذا الدرس يشرح كيف يعمل المنتج، ولا يفتي في حساب بعينه.",""
"pages.tsx","inline","University student","طالب جامعي",""
"pages.tsx","inline","Your learning","تعلّمك",""
"pages.tsx","inline","Lessons","دروس",""
"pages.tsx","inline","Accuracy","دقة",""
"pages.tsx","inline","Day streak","أيام",""
"pages.tsx","inline","Sign in to save progress","سجّل الدخول لحفظ تقدّمك",""
"pages.tsx","inline","Reduce motion","تقليل الحركة",""
"pages.tsx","inline","Larger text","نص أكبر",""
"pages.tsx","inline","Learning notifications","إشعارات التعلّم",""
"pages.tsx","inline","Sound effects","المؤثرات الصوتية",""
"pages.tsx","inline","App language","لغة التطبيق",""
"pages.tsx","inline","Send another idea","أرسل فكرة أخرى",""
"pages.tsx","inline","What should we teach next?","ما الذي نعلّمه لاحقاً؟",""
"pages.tsx","inline","Pick an idea or tell us what is on your mind.","اختر فكرة أو اكتب ما يدور في بالك.",""
"pages.tsx","inline","Add a note (optional)","اكتب اقتراحك (اختياري)",""
"pages.tsx","inline","Send suggestion","أرسل الاقتراح",""
"pages.tsx","inline","This deletes your account and everything in it. It cannot be undone.","سيُحذف حسابك وتقدّمك نهائياً. لا يمكن التراجع.",""
"pages.tsx","inline","Your data stays in your control","بياناتك تحت سيطرتك",""
"pages.tsx","inline","We store your learning preferences, progress and quiz answers so you can continue. We never store financial account data.","نحفظ تفضيلات التعلّم والتقدّم وإجابات الاختبارات لنساعدك على المتابعة. لا نحفظ بيانات حسابات مالية أبداً.",""
"pages.tsx","inline","You can download your data or delete your account at any time. There are no hidden steps.","يمكنك تنزيل بياناتك أو حذف حسابك في أي وقت. لا توجد خطوات خفية.",""
"pages.tsx","inline","Sign in to download your data or delete your account.","سجّل الدخول لتنزيل بياناتك أو حذف حسابك.",""
"pages.tsx","inline","You are signed in","أنت مسجّل الدخول",""
"pages.tsx","inline","Go to my learning","إلى مساحة التعلّم",""
"player.tsx","inline","This lesson is being written","هذا الدرس قيد الإعداد",""
"player.tsx","inline","The content is coming soon. Try another lesson from your path.","المحتوى قادم قريباً. جرّب درساً آخر من مسارك.",""
"player.tsx","inline","Back to my path","عودة للمسار",""
"player.tsx","inline","You are out of hearts","نفدت القلوب",""
"player.tsx","inline","Mistakes are part of learning. Run it again and the idea will stick.","الأخطاء جزء من التعلّم. أعد المحاولة وستثبت الفكرة.",""
"player.tsx","inline","Try again","أعد المحاولة",""
"player.tsx","inline","Lesson complete","أكملت الدرس",""
"player.tsx","inline","Nice work!","أحسنت!",""
"player.tsx","inline","Accuracy","الدقة",""
"player.tsx","inline","Hearts","القلوب",""
"player.tsx","inline","Review these","راجع هذه",""
"player.tsx","inline","Finish","أكمل",""
"player.tsx","inline","Lesson complete","أكملت الدرس",""
"player.tsx","inline","Accuracy","الدقة",""
"player.tsx","inline","Running it again will settle what slipped.","إعادة الدرس تثبّت ما فاتك.",""
"player.tsx","inline","Back to my path","العودة للمسار",""
"player.tsx","inline","Quit lesson","إغلاق",""
"player.tsx","inline","Sources","المصادر",""
"player.tsx","inline","Sources","المصادر",""
"player.tsx","inline","Sources","المصادر",""
"player.tsx","inline","Where this comes from","من أين جاءت هذه المعلومات",""
"player.tsx","inline","Close","إغلاق",""
"player.tsx","inline","This lesson is built from published sources. Tap any of them to read it.","هذا الدرس مبني على مصادر منشورة. اضغط على أي منها لقراءته.",""
"player.tsx","inline","Got it","فهمت",""
"player.tsx","inline","Check","تحقّق",""
"player.tsx","inline","Finish lesson","إنهاء الدرس",""
"player.tsx","inline","Continue","متابعة",""
"player.tsx","inline","That's right","إجابة صحيحة",""
"player.tsx","inline","Not quite","ليست الإجابة الصحيحة",""
"player.tsx","inline","Choose an answer first","اختر إجابة أولاً",""
"player.tsx","inline","Take your time","خذ وقتك",""
"player.tsx","inline","Worked example","مثال محلول",""
"player.tsx","inline","Watch out","انتبه",""
"player.tsx","inline","Round to the nearest pound if you need to.","قرّب لأقرب جنيه عند الحاجة.",""
"player.tsx","inline","Tap the steps in the right order","اضغط بالترتيب الصحيح",""
"player.tsx","inline","Left to sort:","بقي للتصنيف:",""
"player.tsx","inline","All sorted","تم الترتيب",""
"player.tsx","inline","Pick a term, then tap its match.","اختر من العمود الأول ثم ما يقابله.",""
"locales","dailyTitle","Lesson of the Day","درس اليوم",""
"locales","dailyStart","Start today’s challenge","ابدأ تحدّي اليوم",""
"locales","dailyDone","Challenge complete","أكملت التحدّي",""
"locales","dailyTomorrow","Next challenge in","التحدّي القادم بعد",""
"locales","dailyCombo","Combo","التتابع",""
"locales","dailyBest","Best combo","أفضل تتابع",""
"locales","dailyPerfect","Perfect run","جولة كاملة",""
"locales","dailyBonus","Daily bonus","مكافأة اليوم",""
"locales","dailyStreak","Day streak","الأيام المتتابعة",""
"locales","dailyStreakKeep","Done for today. Come back tomorrow to keep your streak.","أنجزت تحدّي اليوم. عُد غداً للحفاظ على سلسلتك.",""
"locales","dailyMeta","questions","أسئلة",""
"daily","week-map.title","Map the week's money","خطّط مال الأسبوع",""
"daily","week-map.blurb","Sort what actually has to leave your account this week.","رتّب ما يجب أن يخرج من حسابك هذا الأسبوع فعلاً.",""
"daily","where-it-goes.title","Where it actually goes","أين يذهب مالك فعلاً",""
"daily","where-it-goes.blurb","Track a week of spending and the leaks show up.","تابع مصاريف أسبوع وستظهر لك التسريبات.",""
"daily","card-traps.title","Traps hiding on the card","فخاخ مخبّأة في بطاقتك",""
"daily","card-traps.blurb","Spot the costs a card adds before you tap it.","اكتشف التكاليف التي تضيفها البطاقة قبل أن تدفع.",""
"daily","interest-bill.title","What interest really costs","كم تكلّفك الفائدة فعلاً",""
"daily","interest-bill.blurb","Read an interest rate like the price tag it is.","اقرأ سعر الفائدة كما تقرأ بطاقة السعر.",""
"daily","loan-shape.title","The shape of a student loan","شكل قرض الطالب",""
"daily","loan-shape.blurb","What you borrowed, what you owe, and what changes that.","ما اقترضته وما عليك وما يغيّر ذلك.",""
"daily","repayment-threshold.title","Repayment, without the panic","السداد بلا قلق",""
"daily","repayment-threshold.blurb","When repayment actually bites, and when it does not.","متى يبدأ السداد فعلاً ومتى لا يبدأ.",""
"daily","payslip.title","Read your payslip in a minute","اقرأ قسيمة راتبك في دقيقة",""
"daily","payslip.blurb","Find the numbers that decide what lands in your account.","اعرف الأرقام التي تحدّد ما يصل إلى حسابك.",""
"daily","rent-run.title","Rent, deposit, flatmates","الإيجار والوديعة ورفاق السكن",""
"daily","rent-run.blurb","The up-front cost of moving out, before you commit.","التكلفة الأولية للانتقال قبل أن تلتزم.",""
"daily","buffer-first.title","Build the buffer first","ابنِ مخزون الطوارئ أولاً",""
"daily","buffer-first.blurb","Why the boring account is the one that protects you.","لماذا الحساب البسيط هو الذي يحميك.",""
"daily","compound-time.title","Slow, then sudden","ببطء ثم فجأة",""
"daily","compound-time.blurb","How compounding behaves across a student's timeline.","كيف تتصرّف الفائدة المركبة خلال سنوات الدراسة.",""
"daily","isa-check.title","Is the ISA worth it?","هل يستحق حساب الـ ISA؟",""
"daily","isa-check.blurb","Allowances, limits, and the tax you are not paying.","الحدود والبدلات والضريبة التي لا تدفعها.",""
"daily","hype-filter.title","Filter the hype","افلتر الضجيج",""
"daily","hype-filter.blurb","Separate a real opportunity from a good story.","افصل الفرصة الحقيقية عن القصة الجذّابة.",""
"daily","plan-and-track.title","Plan it, then check it","خطّط ثم تحقّق",""
"daily","plan-and-track.blurb","Set the plan, then test it against a real week.","ضع الخطة ثم اختبرها على أسبوع حقيقي.",""
"daily","biggest-costs.title","Your biggest costs","أكبر التكاليف عليك",""
"daily","biggest-costs.blurb","Where student money quietly goes during term time.","إلى أين يذهب مال الطالب بهدوء خلال الفصل الدراسي.",""
"daily","future-you.title","Money for future you","مال لمستقبلك",""
"daily","future-you.blurb","The two habits that do most of the work.","العادتان اللتان تقومان بأغلب العمل.",""
"locales","characterTitle","Financial character","الشخصية المالية",""
"locales","nextBelt","Next belt","الحزام التالي",""
"locales","maxBelt","Top belt","أعلى حزام",""
"character","white.name","White belt","الحزام الأبيض",""
"character","yellow.name","Yellow belt","الحزام الأصفر",""
"character","orange.name","Orange belt","الحزام البرتقالي",""
"character","green.name","Green belt","الحزام الأخضر",""
"character","blue.name","Blue belt","الحزام الأزرق",""
"character","black.name","Black belt","الحزام الأسود",""
"world","ethical.pathway#1","Ethical & Sustainable Finance","التمويل الأخلاقي والمستدام",""
"world","ethical.pathway#2","How environmental and social factors actually enter an investment decision","كيف تدخل العوامل البيئية والاجتماعية فعلاً في قرار الاستثمار",""
"world","ethical.pathway#3","Optional branch. No prior knowledge assumed, and no position is taken. Useful if you will ever hold a pension, an ISA or a fund, which is most students eventually.","مسار اختياري. لا يفترض معرفة سابقة ولا يتبنّى موقفاً. مفيد إن كان لديك تقاعد أو حساب استثماري أو صندوق، وهو ما سيحدث لمعظم الطلاب في النهاية.",""
"world","ethical.pathway#4","Reading the label, then the contents","اقرأ الملصق ثم المحتوى",""
"world","ethical.ethical-basics#5","Three things called “ethical finance”","ثلاثة أشياء تُسمّى «التمويل الأخلاقي»",""
"world","ethical.ethical-basics#6","Separate the three approaches that get bundled together, and know which one a fund is actually using.","افصل بين المقاربات الثلاث التي تُخلط معاً، واعرف أيّها يستخدمه الصندوق فعلاً.",""
"world","ethical.ethical-basics#7","Almost every disagreement about ethical investing is really two people describing different approaches with the same words. Getting the three apart is the difference between a useful conversation and a shouting match, and it is the first thing a fund's own documents will tell you if you know what to look for.","معظم الخلاف حول الاستثمار الأخلاقي هو في الحقيقة شخصان يصفان مقاربتين مختلفتين بالكلمات نفسها. والتمييز بين الثلاث هو الفرق بين حوار مفيد وتراشق، وهو أول ما تخبرك به وثائق الصندوق إن عرفت ما تبحث عنه.",""
"world","ethical.ethical-basics#8","One label, three different jobs","ملصق واحد، ثلاث وظائف مختلفة",""
"world","ethical.ethical-basics#9","“Ethical finance” covers three things that are often confused. Avoiding certain industries is exclusion. Treating environmental and social factors as financial risk information is integration. Deliberately funding something to produce a measurable benefit is impact. A fund can do any one of these without doing the others.","«التمويل الأخلاقي» يغطي ثلاثة أمور كثيراً ما تُخلط. تجنّب قطاعات معيّنة هو الاستبعاد. ومعاملة العوامل البيئية والاجتماعية كمعلومات عن المخاطر المالية هي الدمج. وتمويل شيء بقصد إحداث نفع قابل للقياس هو الأثر. ويمكن للصندوق أن يفعل أحدها دون الآخرين.",""
"world","ethical.ethical-basics#10","ESG is not a moral score. It is a set of factors some investors treat as financially material, meaning they could affect returns.","معايير ESG ليست تقييماً أخلاقياً، بل مجموعة عوامل يعتبرها بعض المستثمرين جوهرية مالياً، أي قد تؤثر على العائد.",""
"world","ethical.ethical-basics#11","So a fund can carry an ESG label and still hold a company you dislike. What it holds is decided by its screening rules, not by its rating.","لذا قد يحمل صندوق ما تصنيف ESG ويحتوي شركة لا تحبها. ما يحتويه يحدّده نظام الفرز لديه، لا تصنيفه.",""
"world","ethical.ethical-basics#12","Integration is the least intuitive of the three, because it can look identical to ordinary investing from the outside.","الدمج هو الأقل بداهة من الثلاثة، لأنه قد يبدو من الخارج مطابقاً للاستثمار العادي.",""
"world","ethical.ethical-basics#13","The same £1,000, three different decisions","ألف جنيه واحدة، ثلاثة قرارات مختلفة",""
"world","ethical.ethical-basics#14","Imagine the same student with the same £1,000. Each approach produces a different portfolio, and answers a different question.","تخيّل الطالب نفسه بألف جنيه. كل مقاربة تنتج محفظة مختلفة، وتجيب على سؤال مختلف.",""
"world","ethical.ethical-basics#15","Exclusion: “I will not own these”","الاستبعاد: «لن أملك هذه»",""
"world","ethical.ethical-basics#16","Tobacco, gambling and weapons are removed. The question being answered is what to refuse.","تُستبعد التبغ والمقامرة والأسلحة. والسؤال المُجاب عنه هو: ما الذي نرفضه.",""
"world","ethical.ethical-basics#17","Integration: “Which risks am I paid for?”","الدمج: «ما المخاطر التي أُكافأ عليها؟»",""
"world","ethical.ethical-basics#18","Nothing is banned. Companies exposed to carbon pricing, water stress or bad governance are judged riskier and weighted accordingly. The question is what the risk is worth.","لا شيء محرّم. الشركات المعرّضة لتسعير الكربون أو شح المياه أو سوء الحوكمة تُعدّ أكثر خطراً وتُوزّن بناءً على ذلك. والسؤال هو: ما قيمة هذا الخطر.",""
"world","ethical.ethical-basics#19","Impact: “What does this change?”","الأثر: «ما الذي يتغيّر؟»",""
"world","ethical.ethical-basics#20","Money goes to something specific, like a bond financing a solar farm, and the benefit is meant to be measured. The question is what the money did.","المال يذهب لشيء محدّد، كسند يموّل محطة شمسية، ويُفترض قياس النفع. والسؤال هو: ماذا فعل المال.",""
"world","ethical.ethical-basics#21","None of these is more ethical than the others. They are answers to different questions, and a fund's documents will say which one it is answering.","لا شيء منها أخلاقي أكثر من الآخر. إنها إجابات لأسئلة مختلفة، ووثائق الصندوق تبين أي سؤال يجيب عنه.",""
"world","ethical.ethical-basics#22","Which approach is each statement describing?","أي مقاربة تصفها كل عبارة؟",""
"world","ethical.ethical-basics#23","Exclusion","الاستبعاد",""
"world","ethical.ethical-basics#24","“No fossil fuel producers, full stop.”","«لا منتجي وقود أحفوري، بلا استثناء.»",""
"world","ethical.ethical-basics#25","“I do not want to profit from gambling.”","«لا أريد الربح من المقامرة.»",""
"world","ethical.ethical-basics#26","Integration","الدمج",""
"world","ethical.ethical-basics#27","“Water risk makes this company a worse bet.”","«خطر المياه يجعل هذه الشركة رهاناً أسوأ.»",""
"world","ethical.ethical-basics#28","“Weak governance usually costs shareholders eventually.”","«ضعف الحوكمة يكلّف المساهمين في النهاية غالباً.»",""
"world","ethical.ethical-basics#29","Impact","الأثر",""
"world","ethical.ethical-basics#30","“This bond builds the wind farm, and we will report the tonnes avoided.”","«هذا السند يبني المزرعة، وسننشر الأطنان التي جرى تجنّبها.»",""
"world","ethical.ethical-basics#31","A fund advertises a high ESG score. Which statement is true?","صندوق يعلن عن تصنيف ESG مرتفع. أي عبارة صحيحة؟",""
"world","ethical.ethical-basics#32","It cannot hold any company involved in harmful activity.","لا يمكنه الاحتفاظ بأي شركة متورطة في نشاط ضار.",""
"world","ethical.ethical-basics#33","It rates well on the factors that provider chose to measure, which is not the same as a moral judgement.","يقيَّم جيداً وفق العوامل التي اختارها مزوّد التصنيف، وهذا ليس حكماً أخلاقياً.",""
"world","ethical.ethical-basics#34","It is guaranteed to have excluded tobacco, gambling and weapons.","من المضمون أنه استبعد التبغ والمقامرة والأسلحة.",""
"world","ethical.ethical-basics#35","There is no single agreed set of ESG factors, and providers disagree with each other about the same company. A score reflects one provider's chosen metrics, not a verdict on whether the business is acceptable.","لا توجد مجموعة عوامل متفق عليها، والمزوّدون يختلفون حول الشركة نفسها. فالتصنيف يعكس معايير مزوّد واحد، لا حكماً على مقبولية النشاط.",""
"world","ethical.ethical-basics#36","Complete the definition investors actually use.","أكمل التعريف الذي يستخدمه المستثمرون فعلاً.",""
"world","ethical.ethical-basics#37","A factor counts as ESG when it could be","يُعدّ العامل من معايير ESG حين يكون",""
"world","ethical.ethical-basics#38","to the financial performance of the investment, not when it is merely admirable.","على الأداء المالي للاستثمار، لا حين يكون مجرّد أمر محمود.",""
"world","ethical.ethical-basics#39","material","جوهرياً",""
"world","ethical.ethical-basics#40","popular","شائعاً",""
"world","ethical.ethical-basics#41","expensive","مكلفاً",""
"world","ethical.ethical-basics#42","optional","اختيارياً",""
"world","ethical.ethical-basics#43","Materiality is the hinge. It is why integration can include a coal company: the question is what the exposure does to the risk and the return, not whether the company is likeable. Some frameworks have moved towards “double materiality”, which also asks what the investment does to the world, and that shift is itself contested.","الجوهرية هي المحور. ولهذا قد يشمل الدمج شركة فحم: السؤال هو ما يفعله التعرّض بالمخاطر والعائد، لا هل الشركة محبوبة. وقد اتجهت بعض الأطر إلى «الجوهرية المزدوجة» التي تسأل أيضاً عمّا يفعله الاستثمار بالعالم، وهذا التحوّل محل خلاف.",""
"world","ethical.ethical-basics#44","You start a graduate job and are auto-enrolled into the workplace pension. The default fund is a normal global equity fund. What is the accurate thing to say about your options?","بدأت عملاً بعد التخرج وتم تسجيلك تلقائياً في تقاعد العمل. الصندوق الافتراضي هو صندوق أسهم عالمي عادي. ما الصحيح قوله عن خياراتك؟",""
"world","ethical.ethical-basics#45","“It is the default, so there is nothing to decide.”","«إنه الافتراضي، فلا يوجد ما أقرّره.»",""
"world","ethical.ethical-basics#46","There is usually a choice. Most workplace schemes offer several funds, and the default is a starting point rather than a rule. Whether you exercise that choice is genuinely up to you.","الخيار موجود عادة. معظم أنظمة العمل تقدّم عدة صناديق، والافتراضي نقطة بداية لا قاعدة. واستخدامك لهذا الخيار قرارك فعلاً.",""
"world","ethical.ethical-basics#47","“There may be a sustainable or Sharia option, and it will have its own costs and its own holdings.”","«قد يوجد خيار مستدام أو متوافق مع الشريعة، وله تكاليفه ومحتواه.»",""
"world","ethical.ethical-basics#48","That is the useful position. Many UK schemes do offer those funds. They usually charge a different fee and hold a narrower portfolio, and both facts matter more to your outcome than the label.","هذا هو الموقف المفيد. كثير من أنظمة التقاعد البريطانية تقدّم هذه الصناديق. وهي غالباً برسوم مختلفة ومحفظة أضيق، وكلا الأمرين أهم لنتيجتك من الملصق.",""
"world","ethical.ethical-basics#49","“Sustainability is not a real investment factor, so it is irrelevant.”","«الاستدامة ليست عاملاً استثمارياً حقيقياً، فهي غير ذات صلة.»",""
"world","ethical.ethical-basics#50","Regulators and large asset managers treat climate and governance as financial risks, and the Bank of England publishes on it. You can disagree with how they do it, but “irrelevant” is not a defensible summary of the current position.","الجهات التنظيمية وكبار مديري الأصول يعتبرون المناخ والحوكمة مخاطر مالية، وبنك إنجلترا ينشر حول ذلك. يمكنك الاعتراض على الطريقة، لكن «غير ذات صلة» ليست وصفاً صحيحاً للموقف الحالي.",""
"world","ethical.ethical-screening#51","How a fund decides what it holds","كيف يقرّر الصندوق ما يقتنيه",""
"world","ethical.ethical-screening#52","Tell the four screening methods apart, and predict what each one does to a portfolio.","افرق بين طرق الفرز الأربع، وتوقّع أثر كل منها على المحفظة.",""
"world","ethical.ethical-screening#53","The label on a fund is written by its marketing team. The method in its documents is written by the people who build it. Knowing the four methods lets you predict what a fund will actually hold instead of trusting the adjective on the front.","الملصق على الصندوق يكتبه فريق التسويق. أما المنهج في وثائقه فيكتبه من يبنيه. ومعرفة الطرق الأربع تتيح لك توقّع ما سيقتنيه الصندوق بدل الوثوق بالصفة المكتوبة على الغلاف.",""
"world","ethical.ethical-screening#54","Four methods, four different portfolios","أربع طرق، أربع محافظ مختلفة",""
"world","ethical.ethical-screening#55","Negative screening removes industries. Positive screening keeps the best-scoring companies within each industry, which means the industry is still there. Norms-based screening removes companies judged to breach widely accepted standards. Engagement keeps the holding and uses voting and dialogue to try to change the company instead.","الفرز السلبي يستبعد قطاعات. والفرز الإيجابي يُبقي الشركات الأعلى تقييماً داخل كل قطاع، أي أن القطاع يبقى موجوداً. والفرز المعياري يستبعد الشركات التي يُرى أنها تخالف معايير متعارفاً عليها. أما الانخراط فيُبقي الحصة ويستخدم التصويت والحوار لمحاولة تغيير الشركة.",""
"world","ethical.ethical-screening#56","Positive screening and exclusion give opposite answers about the same industry, and both are commonly called ethical.","الفرز الإيجابي والاستبعاد يعطيان إجابتين متعاكستين عن القطاع نفسه، وكلاهما يُسمّى أخلاقياً عادة.",""
"world","ethical.ethical-screening#57","Engagement and divestment are a genuine strategic disagreement, not a difference in how strict someone is.","الانخراط وسحب الاستثمارات خلاف استراتيجي حقيقي، وليس اختلافاً في درجة الصرامة.",""
"world","ethical.ethical-screening#58","One index, four results","مؤشّر واحد، أربع نتائج",""
"world","ethical.ethical-screening#59","A broad global index is screened four ways. The industry weights below are illustrative of the pattern, not a forecast.","مؤشّر عالمي واسع يُفرز بأربع طرق. أوزان القطاعات أدناه توضيحية للنمط لا تنبؤية.",""
"world","ethical.ethical-screening#60","Negative screening","الفرز السلبي",""
"world","ethical.ethical-screening#61","Oil and gas, tobacco and gambling leave the index. The remaining weights barely move.","يخرج النفط والغاز والتبغ والمقامرة. وتبقى الأوزان الأخرى شبه ثابتة.",""
"world","ethical.ethical-screening#62","Positive screening","الفرز الإيجابي",""
"world","ethical.ethical-screening#63","The cleanest companies in every industry stay, including the best-rated oil company. Sector weights are similar to the original index.","تبقى أنظف الشركات في كل قطاع، ومنها أفضل شركة نفط تقييماً. وأوزان القطاعات قريبة من المؤشّر الأصلي.",""
"world","ethical.ethical-screening#64","Norms-based screening","الفرز المعياري",""
"world","ethical.ethical-screening#65","Firms judged to breach labour, human rights or corruption standards leave regardless of industry. The list is researched case by case.","تخرج الشركات التي يُرى أنها تخالف معايير العمل أو حقوق الإنسان أو مكافحة الفساد، أيّاً كان القطاع. والقائمة تُبنى بالبحث حالة بحالة.",""
"world","ethical.ethical-screening#66","Engagement","الانخراط",""
"world","ethical.ethical-screening#67","Nothing leaves. The fund votes at company meetings and publishes what it asked for and what it got.","لا شيء يخرج. يصوّت الصندوق في اجتماعات الشركات وينشر ما طلبه وما حصل عليه.",""
"world","ethical.ethical-screening#68","A portfolio that “excludes fossil fuels” and one that “engages with fossil fuel companies” can hold almost the same companies. The method, not the adjective, tells you which you are buying.","قد تحتفظ محفظة «تستبعد الوقود الأحفوري» وأخرى «تنخرط مع شركات الوقود الأحفوري» بالشركات نفسها تقريباً. المنهج، لا الصفة، هو ما يخبرك بما تشتريه.",""
"world","ethical.ethical-screening#69","Match each method to what it does.","طابق كل طريقة بما تفعله.",""
"world","ethical.ethical-screening#70","Negative screening","الفرز السلبي",""
"world","ethical.ethical-screening#71","Removes whole industries","يستبعد قطاعات كاملة",""
"world","ethical.ethical-screening#72","Positive screening","الفرز الإيجابي",""
"world","ethical.ethical-screening#73","Keeps the leaders in each industry","يُبقي المتصدّرين في كل قطاع",""
"world","ethical.ethical-screening#74","Norms-based screening","الفرز المعياري",""
"world","ethical.ethical-screening#75","Removes companies judged to breach standards","يستبعد الشركات التي يُرى أنها تخالف المعايير",""
"world","ethical.ethical-screening#76","Engagement","الانخراط",""
"world","ethical.ethical-screening#77","Keeps the holding and tries to change it","يُبقي الحصة ويحاول تغييرها",""
"world","ethical.ethical-screening#78","What is the main criticism of positive or “best-in-class” screening?","ما الانتقاد الرئيسي للفرز الإيجابي أو «الأفضل في فئته»؟",""
"world","ethical.ethical-screening#79","It is illegal in the UK.","غير قانوني في بريطانيا.",""
"world","ethical.ethical-screening#80","It still holds the industry. A best-in-class oil producer is still an oil producer, so the fund's money still supports it.","يبقي القطاع. فمنتج النفط المتصدّر يبقى منتج نفط، ومال الصندوق لا يزال يدعمه.",""
"world","ethical.ethical-screening#81","It always produces lower returns.","يؤدي دائماً إلى عوائد أقل.",""
"world","ethical.ethical-screening#82","That is the standard objection, and the standard reply is that rewarding the best performers creates pressure to improve. Whether that pressure works is exactly what people disagree about. The claim that it always lowers returns is not supported: the evidence is mixed.","هذا هو الاعتراض المعتاد، والرد المعتاد أن مكافأة الأفضل تخلق ضغطاً للتحسين. وهل ينجح هذا الضغط هو محل الخلاف بالضبط. أما أنّه يخفض العوائد دائماً فغير مسنود: الأدلة متباينة.",""
"world","ethical.ethical-screening#83","Put the steps of building a screened portfolio in the order they happen.","رتّب خطوات بناء محفظة مفروزة كما تحدث.",""
"world","ethical.ethical-screening#84","Decide what the fund is for","تحديد الغرض من الصندوق",""
"world","ethical.ethical-screening#85","Choose a screening method","اختيار طريقة الفرز",""
"world","ethical.ethical-screening#86","Apply it to the investable universe","تطبيقها على النطاق القابل للاستثمار",""
"world","ethical.ethical-screening#87","Weight and rebalance what is left","الوزن وإعادة الموازنة لما تبقّى",""
"world","ethical.ethical-screening#88","Report holdings and outcomes to investors","إبلاغ المستثمرين بالمحتوى والنتائج",""
"world","ethical.ethical-screening#89","The order matters because the method is chosen for a purpose. Funds that pick a screen first and a purpose second end up with a portfolio nobody can explain.","الترتيب مهم لأن الطريقة تُختار لغرض. أما الصناديق التي تختار الفرز أولاً والغرض ثانياً فينتهي بها الأمر بمحفظة لا يستطيع أحد تفسيرها.",""
"world","ethical.ethical-screening#90","Two funds are offered in your ISA. Fund A excludes oil, gas and mining and has a higher fee. Fund B holds everything but votes its shares and publishes engagement records. Both call themselves sustainable. Which question actually separates them?","يُعرض عليك صندوقان في حسابك الاستثماري. الصندوق (أ) يستبعد النفط والغاز والتعدين ورسومه أعلى. والصندوق (ب) يحتفظ بكل شيء لكنه يصوّت بأسهمه وينشر سجلات انخراطه. كلاهما يصف نفسه بالمستدام. أي سؤال يفصلهما فعلاً؟",""
"world","ethical.ethical-screening#91","“Which one is genuinely ethical?”","«أيّهما أخلاقي فعلاً؟»",""
"world","ethical.ethical-screening#92","Unanswerable, and not the fund's decision to make. You would be asking the label to settle a values question for you.","سؤال لا جواب له، وليس قرار الصندوق. أنت تطلب من الملصق أن يحسم سؤال قيم نيابة عنك.",""
"world","ethical.ethical-screening#93","“Which method am I buying, and what does that method actually do?”","«أي منهج أشتري، وماذا يفعل هذا المنهج فعلاً؟»",""
"world","ethical.ethical-screening#94","That is the decision. A shuts out the industry but charges for the narrower universe. B keeps the exposure and bets on influence. Both are defensible; they are bets on different mechanisms.","هذا هو القرار. (أ) يغلق القطاع لكنه يتقاضى رسوماً مقابل نطاق أضيق. و(ب) يُبقي التعرّض ويراهن على التأثير. كلاهما قابل للدفاع؛ إنهما رهانان على آليتين مختلفتين.",""
"world","ethical.ethical-screening#95","“Which one performed better last year?”","«أيّهما حقّق أداءً أفضل العام الماضي؟»",""
"world","ethical.ethical-screening#96","One year of returns tells you almost nothing about either method, and annual performance is the most heavily marketed and least informative number available.","عائد سنة واحدة لا يخبرك بشيء تقريباً عن أي من المنهجين، والأداء السنوي أكثر الأرقام تسويقاً وأقلها إفادة.",""
"world","ethical.ethical-green#97","Green bonds, and where the money goes","السندات الخضراء، وإلى أين يذهب المال",""
"world","ethical.ethical-green#98","Explain what makes a bond green, and spot the difference between labelling the money and labelling the borrower.","اشرح ما يجعل السند أخضر، وميّز بين وسم المال ووسم المُصدر.",""
"world","ethical.ethical-green#99","Green bonds are one of the few parts of sustainable finance with a concrete mechanism you can inspect: a defined project, a defined pot of money and an annual report on it. They are also the place where the gap between the label and the substance is easiest to see.","السندات الخضراء من الأجزاء القليلة في التمويل المستدام التي لها آلية ملموسة يمكن فحصها: مشروع محدّد، ومبلغ محدّد، وتقرير سنوي عنه. وهي أيضاً الموضع الذي يسهل فيه رؤية الفجوة بين الملصق والجوهر.",""
"world","ethical.ethical-green#100","Green is about use of proceeds, not about the issuer","«الأخضر» يتعلق باستخدام العائد لا بالمُصدر",""
"world","ethical.ethical-green#101","A green bond works like any other bond: you lend money, you receive interest, you get your money back at maturity. What makes it green is a promise that the borrowed money is spent on a defined environmental project, tracked separately and reported on.","السند الأخضر يعمل كأي سند آخر: تُقرض مالاً، وتتلقى فائدة، ويُعاد إليك مالك عند الاستحقاق. وما يجعله أخضر هو تعهّد بأن المال المقترض يُنفق على مشروع بيئي محدّد، ويُتابع في حساب منفصل ويُقدَّم تقرير عنه.",""
"world","ethical.ethical-green#102","The company issuing it does not have to be green. A large oil company has issued green bonds to fund a wind farm.","الشركة المُصدِرة لا يلزم أن تكون خضراء. شركة نفط كبيرة أصدرت سندات خضراء لتمويل مزرعة رياح.",""
"world","ethical.ethical-green#103","The Green Bond Principles are voluntary. They describe good practice for labelling, and they are not law.","مبادئ السندات الخضراء طوعية. وهي تصف الممارسة الجيدة للوسم، وليست قانوناً.",""
"world","ethical.ethical-green#104","Because the money is ring-fenced, this is the clearest example of the impact approach: the question is what a specific pot of money did.","ولأن المال معزول في حساب محدّد، فهذا أوضح مثال على مقاربة الأثر: السؤال عمّا فعله مبلغ محدّد.",""
"world","ethical.ethical-green#105","Two bonds that both sound green","سندان يبدوان أخضرين",""
"world","ethical.ethical-green#106","The difference between these two is the single most useful distinction in this lesson.","الفرق بين هذين هو أنفع تمييز في هذا الدرس.",""
"world","ethical.ethical-green#107","Green bond","سند أخضر",""
"world","ethical.ethical-green#108","Money is earmarked for a named project: a wind farm, a rail line, a building retrofit. The issuer reports what was funded and, increasingly, the impact.","المال مخصّص لمشروع مسمّى: مزرعة رياح أو خط سكة أو تحديث مبنى. ويُبلّغ المُصدر عمّا مُوّل، وأكثر فأكثر عن الأثر.",""
"world","ethical.ethical-green#109","Sustainability-linked bond","سند مرتبط بالاستدامة",""
"world","ethical.ethical-green#110","The money is used for general purposes. Instead, the interest rate changes if the issuer hits or misses stated targets, such as a carbon reduction by a set year.","المال يُستخدم لأغراض عامة. وبدلاً من ذلك يتغيّر سعر الفائدة إن حقّق المُصدر أهدافاً معلنة أو أخطأها، مثل خفض الكربون بحلول سنة محدّدة.",""
"world","ethical.ethical-green#111","One labels the money, the other labels the borrower's ambition. A sustainability-linked bond can fund anything at all, which is why the targets are where the argument happens.","أحدهما يوسم المال، والآخر يوسم طموح المُصدر. والسند المرتبط بالاستدامة يمكن أن يموّل أي شيء، ولهذا يكون الجدل حول الأهداف.",""
"world","ethical.ethical-green#112","What distinguishes a sustainability-linked bond from a green bond?","ما الذي يميّز السند المرتبط بالاستدامة عن السند الأخضر؟",""
"world","ethical.ethical-green#113","It pays a higher interest rate.","يدفع فائدة أعلى.",""
"world","ethical.ethical-green#114","Its interest rate is tied to whether the issuer meets sustainability targets, rather than the money being earmarked for a project.","سعر فائدته مرتبط بتحقيق المُصدر أهداف الاستدامة، لا بتخصيص المال لمشروع.",""
"world","ethical.ethical-green#115","It is issued only by governments.","تصدره الحكومات فقط.",""
"world","ethical.ethical-green#116","The mechanism moves from the project to the company's performance. That means the credibility of the bond rests on whether the target is genuinely demanding, which is precisely where critics say the design is weakest.","الآلية تنتقل من المشروع إلى أداء الشركة. وهذا يعني أن مصداقية السند تعتمد على مدى جدّية الهدف، وهو بالضبط ما يقول النقاد إن التصميم أضعف فيه.",""
"world","ethical.ethical-green#117","Complete the sentence about how these are governed.","أكمل الجملة عن كيفية تنظيمها.",""
"world","ethical.ethical-green#118","The Green Bond Principles are","مبادئ السندات الخضراء",""
"world","ethical.ethical-green#119",", so an issuer can label a bond without them and no regulator will object.","، لذا يمكن لمُصدر وسم سند دونها ولا يعترض أي منظّم.",""
"world","ethical.ethical-green#120","voluntary guidelines","إرشادات طوعية",""
"world","ethical.ethical-green#121","UK legislation","تشريع بريطاني",""
"world","ethical.ethical-green#122","a tax","ضريبة",""
"world","ethical.ethical-green#123","a guarantee","ضمان",""
"world","ethical.ethical-green#124","That is the source of both the framework's reach and its weakness. Because it is voluntary and widely adopted, a lot of bonds carry a green label. Because it is voluntary, the label tells you the issuer followed a process, not that the project is sound.","هذا مصدر قوة الإطار وضعفه معاً. لأنه طوعي ومنتشر على نطاق واسع، تحمل سندات كثيرة وسم «أخضر». ولأنه طوعي، فالوسم يخبرك أن المُصدر اتبع إجراءً، لا أن المشروع سليم.",""
"world","ethical.ethical-green#125","Match each term to what it tells you.","طابق كل مصطلح بما يخبرك به.",""
"world","ethical.ethical-green#126","Use of proceeds","استخدام العائد",""
"world","ethical.ethical-green#127","What the borrowed money is spent on","ما يُنفق عليه المال المقترض",""
"world","ethical.ethical-green#128","Green Bond Principles","مبادئ السندات الخضراء",""
"world","ethical.ethical-green#129","Voluntary labelling good practice","ممارسة جيدة طوعية للوسم",""
"world","ethical.ethical-green#130","Coupon step-up","رفع قسيمة الفائدة",""
"world","ethical.ethical-green#131","Interest rises if a target is missed","ترتفع الفائدة إذا فشل الهدف",""
"world","ethical.ethical-green#132","Allocation reporting","تقرير التخصيص",""
"world","ethical.ethical-green#133","The annual account of where the money went","البيان السنوي لأين ذهب المال",""
"world","ethical.ethical-green#134","A bond is advertised as green. You read the allocation report and most of the money went to refinancing an existing project rather than a new one. Is that misconduct?","يُعلن عن سند أنه أخضر. قرأت تقرير التخصيص فوجدت أن معظم المال ذهب لإعادة تمويل مشروع قائم لا لمشروع جديد. هل هذا سوء سلوك؟",""
"world","ethical.ethical-green#135","Yes, refinancing is never allowed.","نعم، إعادة التمويل غير مسموحة أبداً.",""
"world","ethical.ethical-green#136","Refinancing is permitted and common. Ruling it out entirely would be wrong, and most green bond frameworks allow it.","إعادة التمويل مسموحة وشائعة. واستبعادها تماماً غير صحيح، ومعظم أطر السندات الخضراء تجيزها.",""
"world","ethical.ethical-green#137","No, but it changes what the bond achieved, because refinancing frees up money rather than adding any.","لا، لكنه يغيّر ما حققه السند، لأن إعادة التمويل تحرّر مالاً بدل أن تضيف مالاً.",""
"world","ethical.ethical-green#138","That is the substantive point. Refinancing an existing asset can still be useful, by lowering the cost of capital for that asset, but the additionality is weaker than funding something that would not otherwise exist. A careful report says which it is.","هذه هي النقطة الجوهرية. إعادة تمويل أصل قائم قد تظل مفيدة بخفض كلفة رأس المال عليه، لكن «الإضافة» أضعف من تمويل شيء لم يكن ليوجد لولاه. والتقرير الدقيق يوضّح أيّهما.",""
"world","ethical.ethical-green#139","Yes, because the labels are legally binding.","نعم، لأن الملصقات ملزمة قانوناً.",""
"world","ethical.ethical-green#140","The Principles are voluntary, so this is not a legal test. Separately, the UK has been introducing rules on sustainability claims in fund marketing, which is a different mechanism aimed at a different problem.","المبادئ طوعية، فالمسألة ليست قانونية. ومنفصلاً عن ذلك، أدخلت بريطانيا قواعد على الادعاءات المتعلقة بالاستدامة في تسويق الصناديق، وهي آلية مختلفة لمعالجة مشكلة مختلفة.",""
"world","ethical.ethical-limits#141","Greenwashing and the honest trade-offs","التضليل البيئي والمفاضلات الصادقة",""
"world","ethical.ethical-limits#142","Recognise the documented weaknesses of ethical investing, and ask the questions that get past a label.","تعرّف على مواطن الضعف الموثّقة في الاستثمار الأخلاقي، واطرح الأسئلة التي تتجاوز الملصق.",""
"world","ethical.ethical-limits#143","The most useful thing a university student can take from this pathway is not a conclusion but a set of questions. Sustainability claims are now regulated, contested and heavily marketed all at once, and the ability to tell those three apart will outlast whatever the current terminology is.","أنفع ما يخرج به الطالب الجامعي من هذا المسار ليس نتيجة بل مجموعة أسئلة. فالادعاءات المتعلقة بالاستدامة منظّمة ومتنازع عليها ومسوَّقة بكثافة في الوقت نفسه، والقدرة على التمييز بين الثلاث ستبقى بعد أن يتغيّر المصطلح الرائج.",""
"world","ethical.ethical-limits#144","Where the gap opens","من أين تنشأ الفجوة",""
"world","ethical.ethical-limits#145","Greenwashing is a claim that overstates what an investment does. It does not have to be a lie. It can be true that a fund excludes tobacco and misleading to imply that makes it sustainable, and both statements can sit next to each other on the same page.","التضليل البيئي ادعاء يبالغ في وصف ما يفعله الاستثمار. ولا يلزم أن يكون كذباً. فقد يصح أن الصندوق يستبعد التبغ، ويضلّ حين يوحي بأن ذلك يجعله مستداماً، وقد تقع العبارتان جنباً إلى جنب على الصفحة نفسها.",""
"world","ethical.ethical-limits#146","There is no single agreed definition of “sustainable” or “ESG”, so a label can be technically defensible and practically meaningless.","لا يوجد تعريف واحد متفق عليه لـ«المستدام» أو «ESG»، لذا قد يكون الملصق سليماً تقنياً وعديم الجدوى عملياً.",""
"world","ethical.ethical-limits#147","Different rating agencies score the same company differently, sometimes by a lot. That is a measurement problem, not a disagreement about ethics.","وكالات التقييم المختلفة تمنح الشركة نفسها درجات مختلفة، وأحياناً بفارق كبير. وهذه مشكلة قياس لا خلاف أخلاقي.",""
"world","ethical.ethical-limits#148","Regulators have responded, which is itself the clearest sign the problem was real.","وقد استجابت الجهات التنظيمية، وهذا بذاته أوضح دليل على أن المشكلة كانت حقيقية.",""
"world","ethical.ethical-limits#149","“Sustainable” is a regulated claim in the UK, not a guarantee","«مستدام» ادعاء منظّم في بريطانيا، وليس ضماناً",""
"world","ethical.ethical-limits#150","UK rules now constrain how sustainability claims can be made in fund marketing, and funds using sustainability labels must meet conditions and disclose more. That raises the floor. It does not tell you whether the fund suits you, and it does not make the underlying investments low-risk. A sustainable fund holds shares, and shares fall.","القواعد البريطانية تحدّ الآن من كيفية تقديم الادعاءات المتعلقة بالاستدامة في تسويق الصناديق، وعلى الصناديق التي تستخدم ملصقات الاستدامة استيفاء شروط والإفصاح أكثر. وهذا يرفع الحد الأدنى. لكنه لا يخبرك إن كان الصندوق مناسباً لك، ولا يجعل الاستثمارات الأساسية منخفضة المخاطر. فالصندوق المستدام يحمل أسهماً، والأسهم تهبط.",""
"world","ethical.ethical-limits#151","Which of these is a documented limitation of ESG ratings?","أي من هذه قيد موثّق على تصنيفات ESG؟",""
"world","ethical.ethical-limits#152","They are calculated too slowly to be useful.","تُحتسب ببطء شديد فلا تنفع.",""
"world","ethical.ethical-limits#153","Different providers rate the same company differently, so the score depends on who you ask.","مزوّدون مختلفون يقيّمون الشركة نفسها بشكل مختلف، فالتصنيف يعتمد على من تسأل.",""
"world","ethical.ethical-limits#154","They are only available to institutional investors.","متاحة للمستثمرين المؤسسيين فقط.",""
"world","ethical.ethical-limits#155","Providers use different metrics, different weightings and different definitions of materiality, and the published research consistently finds low correlation between them. That does not make ratings useless, but it does mean a single score is one opinion rather than a fact.","المزوّدون يستخدمون مقاييس وأوزاناً وتعريفات مختلفة للجوهرية، والبحوث المنشورة تجد ارتباطاً منخفضاً بينها باستمرار. وهذا لا يجعل التصنيفات بلا قيمة، لكنه يعني أن الدرجة الواحدة رأي لا حقيقة.",""
"world","ethical.ethical-limits#156","Sort each statement into what it describes.","صنّف كل عبارة بحسب ما تصفه.",""
"world","ethical.ethical-limits#157","A weakness of the field","ضعف في المجال",""
"world","ethical.ethical-limits#158","Two agencies disagree about the same company.","وكالتان تختلفان حول الشركة نفسها.",""
"world","ethical.ethical-limits#159","A fund is 90% identical to a normal index fund.","صندوق مطابق بنسبة ٩٠٪ لصندوق مؤشّر عادي.",""
"world","ethical.ethical-limits#160","The costs are higher than the standard version.","التكاليف أعلى من النسخة القياسية.",""
"world","ethical.ethical-limits#161","A reasonable objective","هدف معقول",""
"world","ethical.ethical-limits#162","Getting the same exposure at a lower fee.","الحصول على التعرّض نفسه برسوم أقل.",""
"world","ethical.ethical-limits#163","Knowing what the fund actually holds.","معرفة ما يحمله الصندوق فعلاً.",""
"world","ethical.ethical-limits#164","Complete the standard trade-off argument.","أكمل حجّة المفاضلة المعتادة.",""
"world","ethical.ethical-limits#165","A fund that excludes more industries holds a","الصندوق الذي يستبعد قطاعات أكثر يحمل محفظة",""
"world","ethical.ethical-limits#166","portfolio, which can mean higher costs and a different return profile, for better or worse.","أضيق، وهذا قد يعني تكاليف أعلى ومسار عائد مختلفاً، للخير أو للشر.",""
"world","ethical.ethical-limits#167","narrower and less diversified","أضيق وأقل تنويعاً",""
"world","ethical.ethical-limits#168","guaranteed","مضمونة",""
"world","ethical.ethical-limits#169","tax-free","معفاة من الضريبة",""
"world","ethical.ethical-limits#170","Narrowing the universe is a real cost, because diversification is one of the few protections an individual investor actually gets for free. Whether that trade is worth it is a judgement about what your money is for, and reasonable people land differently.","تضييق النطاق كلفة حقيقية، لأن التنويع من الحمايات القليلة التي يحصل عليها المستثمر الفرد مجاناً. وهل تستحق هذه المفاضلة ذلك حكم يتعلق بغرض مالك، والعقلاء يختلفون فيه.",""
"world","ethical.ethical-limits#171","A friend says: “I put my savings in the sustainable fund because it is the ethical one.” What is the most useful thing you can say?","يقول صديق: «وضعت مدخراتي في الصندوق المستدام لأنه الأخلاقي.» ما أنفع ما تقوله له؟",""
"world","ethical.ethical-limits#172","“You are right, that one is the ethical one.”","«معك حق، ذاك هو الأخلاقي.»",""
"world","ethical.ethical-limits#173","This settles a values question on their behalf and skips the part that matters. It also assumes the label maps onto their priorities, which it may not.","هذا يحسم سؤال قيم نيابة عنه ويتجاوز الجزء المهم. كما يفترض أن الملصق يوافق أولوياته، وقد لا يوافق.",""
"world","ethical.ethical-limits#174","“Worth checking what it holds and what it costs, then deciding if it matches what you care about.”","«يستحق أن تتحقق مما يحمله وما يكلّف، ثم تقرّر إن كان يوافق ما يهمّك.»",""
"world","ethical.ethical-limits#175","This is the version that leaves the decision with the person whose money it is, and gives them the two facts that most often change the answer: holdings and fees.","هذه هي الصيغة التي تترك القرار لصاحب المال، وتمنحه الحقيقتين الأكثر تغييراً للجواب: المحتوى والرسوم.",""
"world","ethical.ethical-limits#176","“Ethical investing does not work, the returns are worse.”","«الاستثمار الأخلاقي لا ينفع، عوائده أسوأ.»",""
"world","ethical.ethical-limits#177","Not supported. The evidence on relative performance is mixed and depends heavily on period, method and fees. Stating it as settled makes you less credible, not more.","غير مسنود. الأدلة على الأداء النسبي متباينة وتعتمد كثيراً على الفترة والمنهج والرسوم. وإطلاقها كحقيقة يقلّل مصداقيتك لا يزيدها.",""
"world","international.pathway#1","International Finance","التمويل الدولي",""
"world","international.pathway#2","What changes when money crosses a border","ما الذي يتغيّر حين يعبر المال حدوداً",""
"world","international.pathway#3","Optional branch. Useful if you send or receive money across a border, hold more than one currency, or have family in another country.","مسار اختياري. مفيد إن كنت ترسل أو تستقبل مالاً عبر الحدود، أو تحمل أكثر من عملة، أو لديك عائلة في بلد آخر.",""
"world","international.pathway#4","Rates, transfers, and what you are exposed to","الأسعار والتحويلات وما أنت معرّض له",""
"world","international.international-rates#5","An exchange rate is a price","سعر الصرف سعر",""
"world","international.international-rates#6","Explain what moves a currency, and work out what a rate change does to money you send or receive.","اشرح ما يحرّك العملة، واحسب أثر تغيّر السعر على مال ترسله أو تستقبله.",""
"world","international.international-rates#7","If £500 arrives from abroad, the amount you receive depends on a price set in a market you never see, and it can move several per cent in a month. That is a real difference in money for a student, and it is not random.","إن وصلت ٥٠٠ جنيه من الخارج، فالمبلغ الذي تستلمه يعتمد على سعر يُحدَّد في سوق لا تراها، وقد يتحرّك عدة بالمئة في شهر. وهذا فرق حقيقي في المال للطالب، وهو ليس عشوائياً.",""
"world","international.international-rates#8","A currency is a thing with a price","العملة شيء له سعر",""
"world","international.international-rates#9","An exchange rate is the price of one currency in another. Like any price it is set by supply and demand, and it moves. Four things move it most: interest rates, inflation, the flow of trade and investment, and expectations about all three.","سعر الصرف هو سعر عملة بعملة أخرى. وكأي سعر يحدّده العرض والطلب، وهو يتحرّك. وأكثر ما يحرّكه أربعة: أسعار الفائدة، والتضخم، وتدفق التجارة والاستثمار، والتوقعات بشأن الثلاثة.",""
"world","international.international-rates#10","Higher interest rates in a country tend to attract money into it, which tends to raise its currency. This is why central bank decisions move exchange rates within seconds.","أسعار الفائدة الأعلى في بلد ما تجذب المال إليه عادة، وهذا يرفع عملته غالباً. ولهذا تحرّك قرارات البنوك المركزية أسعار الصرف في ثوانٍ.",""
"world","international.international-rates#11","Higher inflation works the other way over time: money that buys less at home is worth less abroad.","التضخم الأعلى يعمل في الاتجاه المعاكس مع الوقت: مال يشتري أقل في الداخل يساوي أقل في الخارج.",""
"world","international.international-rates#12","Nobody reliably predicts the next move. If they could, the price would already have changed.","لا أحد يتوقّع الحركة التالية بموثوقية. ولو استطاعوا، لتغيّر السعر بالفعل.",""
"world","international.international-rates#13","£500, two rates, one month apart","٥٠٠ جنيه، سعران، شهر بينهما",""
"world","international.international-rates#14","The same £500 sent to the same country, converted at the rate on two different days. The fee is held constant so the rate is the only thing moving.","المبلغ نفسه ٥٠٠ جنيه إلى البلد نفسه، محوَّلاً بالسعر في يومين مختلفين. الرسوم ثابتة ليكون السعر هو المتغيّر الوحيد.",""
"world","international.international-rates#15","Rate moves against you by 3%","السعر يتحرّك ضدك بنسبة ٣٪",""
"world","international.international-rates#16","Your £500 buys about 3% less of the foreign currency. On £500 that is roughly £15 of value, gone without anyone charging you anything.","تشترى ٥٠٠ جنيه أقل بنحو ٣٪ من العملة الأجنبية. أي نحو ١٥ جنيهاً من القيمة تختفي دون أن يتقاضى أحد رسوماً.",""
"world","international.international-rates#17","Rate moves in your favour by 3%","السعر يتحرّك لصالحك بنسبة ٣٪",""
"world","international.international-rates#18","You get about 3% more, again for free. The movement is not a fee you paid or a discount you earned.","تحصل على نحو ٣٪ أكثر، مجاناً أيضاً. فالحركة ليست رسمًا دفعته ولا خصماً كسبته.",""
"world","international.international-rates#19","Over a year of regular transfers","على مدى عام من التحويلات المنتظمة",""
"world","international.international-rates#20","A student sending money monthly is exposed to this twelve times. The sum of those movements is usually larger than the transfer fees.","الطالب الذي يحوّل شهرياً يتعرّض لهذا اثنتي عشرة مرة. ومجموع هذه الحركات أكبر عادة من رسوم التحويل.",""
"world","international.international-rates#21","Rate movement is usually a bigger number than the fee, and unlike the fee it is not on the price list.","حركة السعر رقم أكبر عادة من الرسوم، وخلافاً للرسوم فهي ليست مكتوبة في قائمة الأسعار.",""
"world","international.international-rates#22","You are in the UK expecting £500 from family abroad. The pound weakens against their currency before they send. What happens to the amount they need to send?","أنت في بريطانيا وتنتظر ٥٠٠ جنيه من عائلتك في الخارج. ضعفت قيمة الجنيه أمام عملتهم قبل أن يرسلوا. ما الذي يحدث للمبلغ الذي يحتاجون إرساله؟",""
"world","international.international-rates#23","They need to send more of their currency to deliver the same £500.","يحتاجون إلى إرسال المزيد من عملتهم لتسليم ٥٠٠ جنيه نفسها.",""
"world","international.international-rates#24","They need to send less.","يحتاجون إلى إرسال أقل.",""
"world","international.international-rates#25","Nothing changes, the amount is fixed.","لا شيء يتغيّر، فالمبلغ ثابت.",""
"world","international.international-rates#26","If the pound buys less foreign currency, it takes more foreign currency to buy the same pounds. Whoever is on the other side pays for that movement, not the transfer company. This is why “send £500” and “send an amount in their currency” behave differently.","إن اشترى الجنيه عملة أجنبية أقل، احتاج الأمر عملة أجنبية أكثر لشراء الجنيهات نفسها. ومن يقع على الطرف الآخر يدفع ثمن هذه الحركة، لا شركة التحويل. ولهذا يختلف سلوك «أرسل ٥٠٠ جنيه» عن «أرسل مبلغاً بعملتهم».",""
"world","international.international-rates#27","Match each term to what it means.","طابق كل مصطلح بمعناه.",""
"world","international.international-rates#28","Spot rate","السعر الفوري",""
"world","international.international-rates#29","The rate for a conversion now","سعر التحويل الآن",""
"world","international.international-rates#30","Mid-market rate","سعر السوق الوسيط",""
"world","international.international-rates#31","The midpoint between buying and selling, before any mark-up","المنتصف بين الشراء والبيع، قبل أي هامش",""
"world","international.international-rates#32","Spread","الهامش",""
"world","international.international-rates#33","The gap between the rate you are offered and the mid-market rate","الفرق بين السعر المعروض عليك وسعر السوق الوسيط",""
"world","international.international-rates#34","Volatility","التقلّب",""
"world","international.international-rates#35","How much the rate moves around","مقدار تذبذب السعر",""
"world","international.international-rates#36","Complete the sentence.","أكمل الجملة.",""
"world","international.international-rates#37","The rate your provider shows is set by the market, but the rate you are given is","السعر الذي يعرضه مزوّدك تحدّده السوق، لكن السعر الذي تحصل عليه",""
"world","international.international-rates#38","by the provider, which is where most of the real cost of a transfer hides.","يحدّده المزوّد، وهنا يختفي معظم التكلفة الحقيقية للتحويل.",""
"world","international.international-rates#39","adjusted","يُعدَّل",""
"world","international.international-rates#40","guaranteed","مضمون",""
"world","international.international-rates#41","regulated","منظّم",""
"world","international.international-rates#42","The market rate is a fact. The rate you are offered is a commercial decision, and the difference between the two is revenue. That is why the next lesson is about reading both halves of the cost at once.","سعر السوق حقيقة. أما السعر المعروض عليك فقرار تجاري، والفرق بينهما إيراد. ولهذا يعنى الدرس التالي بقراءة شقّي التكلفة معاً.",""
"world","international.international-rates#43","Your family sends you £500 from another country each month. What determines how much you actually receive?","ترسل عائلتك ٥٠٠ جنيه شهرياً من بلد آخر. ما الذي يحدّد ما تستلمه فعلاً؟",""
"world","international.international-rates#44","Only the transfer fee.","الرسوم وحدها.",""
"world","international.international-rates#45","The fee is the smaller half. Providers advertise it precisely because it is easy to compare and easy to waive.","الرسوم هي النصف الأصغر. ويعلن عنها المزوّدون تحديداً لأنها سهلة المقارنة وسهلة الإلغاء.",""
"world","international.international-rates#46","The fee, the mark-up on the exchange rate, and where the rate sits that day.","الرسوم والهامش على سعر الصرف وموقع السعر في ذلك اليوم.",""
"world","international.international-rates#47","That is the full picture. Two providers can both say “no fee” and deliver noticeably different amounts, because one is taking its margin out of the rate instead.","هذه هي الصورة كاملة. قد يقول مزوّدان «بلا رسوم» ويسلّمان مبالغ مختلفة بوضوح، لأن أحدهما يأخذ هامشه من السعر بدلاً من ذلك.",""
"world","international.international-rates#48","The bank in your country decides the amount.","بنك بلدك هو من يحدّد المبلغ.",""
"world","international.international-rates#49","Banks are one kind of provider among many, and often an expensive one. Mobile and specialist transfer services are usually cheaper for regular small amounts.","البنوك نوع من المزوّدين بين أنواع كثيرة، وغالباً من الأغلى. أما خدمات التحويل المتخصصة والتطبيقات فهي أرخص عادة للمبالغ الصغيرة المنتظمة.",""
"world","international.international-transfers#50","The two halves of a transfer cost","شقّا تكلفة التحويل",""
"world","international.international-transfers#51","Work out the true cost of a transfer when the fee is zero, and choose a provider on evidence.","احسب التكلفة الحقيقية للتحويل حين تكون الرسوم صفراً، واختر مزوّداً بناءً على الدليل.",""
"world","international.international-transfers#52","“No fees” is the most common advertising line in remittances and it can be literally true and still the most expensive option available. Learning to compare the total amount received, rather than the fee, is the single most valuable habit in this pathway.","«بلا رسوم» أشهر عبارة إعلانية في تحويلات المغتربين، وقد تكون صحيحة حرفياً ومع ذلك الأغلى المتاح. وتعلّم مقارنة المبلغ الصافي المستلم، لا الرسوم، هو أنفع عادة في هذا المسار.",""
"world","international.international-transfers#53","The total delivered is the only number that matters","المبلغ الصافي المستلم هو الرقم الوحيد المهم",""
"world","international.international-transfers#54","Every transfer has a cost made of two parts: a stated fee, and the margin the provider builds into the exchange rate. The second part is invisible unless you look up the mid-market rate for comparison. The only figure that compares two providers fairly is the amount that lands in the recipient's account.","لكل تحويل تكلفة من شقّين: رسم معلن، وهامش يضيفه المزوّد إلى سعر الصرف. والشق الثاني غير مرئي ما لم تقارن بسعر السوق الوسيط. والرقم الوحيد الذي يقارن بين مزوّدين بعدل هو المبلغ الذي يصل إلى حساب المستلم.",""
"world","international.international-transfers#55","A £0 fee funded by a 3% worse rate is more expensive than a £3 fee at the mid-market rate on most amounts.","رسوم صفرية يعوّضها سعر أسوأ بـ٣٪ أغلى من رسوم ٣ جنيهات بسعر السوق الوسيط في معظم المبالغ.",""
"world","international.international-transfers#56","Speed, traceability and what happens if something goes wrong are real differences between providers, and worth paying something for.","السرعة وإمكانية التتبّع وما يحدث عند الخطأ فروق حقيقية بين المزوّدين، وتستحق دفع شيء مقابلها.",""
"world","international.international-transfers#57","A swap between two people who each want the other's currency removes the market from the transaction entirely, but carries its own risks and has no protection.","المقايضة بين شخصين يريد كل منهما عملة الآخر تُخرج السوق من المعادلة تماماً، لكنها تحمل مخاطرها الخاصة وبلا أي حماية.",""
"world","international.international-transfers#58","Three providers, £500, same day","ثلاثة مزوّدون، ٥٠٠ جنيه، اليوم نفسه",""
"world","international.international-transfers#59","All three advertise no transfer fee. The mid-market rate that day is 1.20. Figures are illustrative of a real pattern.","الثلاثة يعلنون عدم وجود رسوم تحويل. وسعر السوق الوسيط ذلك اليوم ١٫٢٠. والأرقام توضيحية لنمط واقعي.",""
"world","international.international-transfers#60","Provider A: rate 1.20, fee £0","المزوّد (أ): السعر ١٫٢٠، رسوم ٠",""
"world","international.international-transfers#61","Delivers the full amount. This is what the mid-market rate looks like when nothing is taken.","يسلّم المبلغ كاملاً. هكذا يبدو سعر السوق الوسيط حين لا يُؤخذ شيء.",""
"world","international.international-transfers#62","Provider B: rate 1.176, fee £0","المزوّد (ب): السعر ١٫١٧٦، رسوم ٠",""
"world","international.international-transfers#63","2% worse on the rate. On £500 that is about £10 taken, and the receipt says the fee was zero.","سعر أسوأ بـ٢٪. على ٥٠٠ جنيه هذا نحو ١٠ جنيهات مأخوذة، والإيصال يقول إن الرسوم صفر.",""
"world","international.international-transfers#64","Provider C: rate 1.20, fee £8","المزوّد (ج): السعر ١٫٢٠، رسوم ٨",""
"world","international.international-transfers#65","Honest and comparable. £8 is £8, and you can see it on the receipt.","صادق وقابل للمقارنة. ٨ جنيهات هي ٨ جنيهات، وتراها على الإيصال.",""
"world","international.international-transfers#66","B looks cheapest and is the most expensive. C looks worst and is better than B. The fee column cannot tell you this, and the delivered-amount column can.","يبدو (ب) الأرخص وهو الأغلى. ويبدو (ج) الأسوأ وهو أفضل من (ب). وعمود الرسوم لا يخبرك بهذا، أما عمود المبلغ المستلم فيخبرك.",""
"world","international.international-transfers#67","Sort each cost into how visible it is.","صنّف كل تكلفة بحسب مدى ظهورها.",""
"world","international.international-transfers#68","Visible on the receipt","ظاهرة على الإيصال",""
"world","international.international-transfers#69","A flat transfer fee","رسم تحويل ثابت",""
"world","international.international-transfers#70","A card payment surcharge","رسوم إضافية على الدفع بالبطاقة",""
"world","international.international-transfers#71","Hidden in the rate","مخفية في السعر",""
"world","international.international-transfers#72","A mark-up over the mid-market rate","هامش فوق سعر السوق الوسيط",""
"world","international.international-transfers#73","A “commission-free” conversion","تحويل «بلا عمولة»",""
"world","international.international-transfers#74","A weekend rate applied while markets are shut","سعر نهاية الأسبوع بينما الأسواق مغلقة",""
"world","international.international-transfers#75","Put the steps of a cross-border transfer in order.","رتّب خطوات التحويل الدولي.",""
"world","international.international-transfers#76","You check the mid-market rate","تتحقق من سعر السوق الوسيط",""
"world","international.international-transfers#77","You compare the amount each provider would deliver","تقارن المبلغ الذي سيسلّمه كل مزوّد",""
"world","international.international-transfers#78","The provider converts your money at its own rate","يحوّل المزوّد مالك بسعره الخاص",""
"world","international.international-transfers#79","The money is sent through the payment system","يُرسل المال عبر نظام المدفوعات",""
"world","international.international-transfers#80","The recipient's bank receives it, possibly less its own charge","يستلمه بنك المستلم، وربما ناقصاً رسمه",""
"world","international.international-transfers#81","The last step is the one people forget. A receiving bank can levy its own charge, which means the amount sent and the amount received are not always the same, and comparing providers only on what they send can mislead.","الخطوة الأخيرة هي التي ينساها الناس. قد يفرض بنك المستلم رسماً خاصاً به، أي أن المبلغ المُرسل والمبلغ المستلم لا يتساويان دائماً، ومقارنة المزوّدين بما يرسلونه فقط قد تضلّل.",""
"world","international.international-transfers#82","A provider advertises “zero fees, always”. What is the accurate reading?","يعلن مزوّد «بلا رسوم دائماً». ما القراءة الدقيقة؟",""
"world","international.international-transfers#83","The transfer is genuinely free to you.","التحويل مجاني فعلاً بالنسبة لك.",""
"world","international.international-transfers#84","The fee is zero, so the provider's revenue must come from the exchange rate it sets.","الرسوم صفر، إذاً إيراد المزوّد لا بد أن يأتي من سعر الصرف الذي يحدّده.",""
"world","international.international-transfers#85","It is a scam.","إنها عملية احتيال.",""
"world","international.international-transfers#86","A provider has to be paid somehow. Zero fee is not a scam and not charity, it is a pricing choice, and the margin moves to the rate. Compare the delivered amount, not the fee.","لابد أن يُدفع للمزوّد بطريقة ما. الرسوم الصفرية ليست احتيالاً ولا عملاً خيرياً، بل خيار تسعيري، وينتقل الهامش إلى السعر. قارن المبلغ المستلم لا الرسوم.",""
"world","international.international-transfers#87","You send money home every month. Provider X is instant and takes £12 in total. Provider Y is free and takes £10 hidden in the rate but lands in two days. Which is the better decision?","ترسل مالاً إلى وطنك كل شهر. المزوّد (س) فوري وتكلفته الإجمالية ١٢ جنيهاً. والمزوّد (ص) مجاني ويكلّفك ١٠ جنيهات مخفية في السعر لكنه يصل في يومين. أي القرارين أفضل؟",""
"world","international.international-transfers#88","Always Y, it is cheaper.","دائماً (ص)، فهو أرخص.",""
"world","international.international-transfers#89","Probably right for a regular transfer with no deadline, but “cheaper by 20p on £500” is not automatically worth two days if the money is needed now.","صحيح على الأرجح لتحويل منتظم بلا موعد، لكن «أرخص بعشرين قرشاً على ٥٠٠ جنيه» لا يستحق يومين تلقائياً إن كان المال مطلوباً الآن.",""
"world","international.international-transfers#90","It depends on whether the two days matter, and on how much £2 is worth to you that month.","يتوقف على ما إذا كان اليومان يهمّان، وعلى قيمة الجنيهين لك ذلك الشهر.",""
"world","international.international-transfers#91","That is the honest answer. The comparison is arithmetic, but the choice is not: speed, certainty and the amount at stake all belong in it. Comparing the delivered amount tells you the price, and only you can price the wait.","هذا هو الجواب الصادق. المقارنة حسابية، لكن الاختيار ليس كذلك: السرعة واليقين وحجم المبلغ كلها داخلة فيه. ومقارنة المبلغ المستلم تخبرك بالسعر، وأنت وحدك من يقدّر قيمة الانتظار.",""
"world","international.international-transfers#92","Always X, because it is faster.","دائماً (س)، لأنه أسرع.",""
"world","international.international-transfers#93","Speed is worth something, but paying a premium every month for speed you do not use is just a higher price.","السرعة تساوي شيئاً، لكن دفع علاوة شهرياً مقابل سرعة لا تستخدمها ليس إلا سعراً أعلى.",""
"world","international.international-holding#94","Holding two currencies","حمل عملتين",""
"world","international.international-holding#95","Identify when you are exposed to currency risk without ever trading currency, and know what a hedge does.","حدّد متى تكون معرّضاً لمخاطر العملة دون أن تتداولها، واعرف ما تفعله التحوّطات.",""
"world","international.international-holding#96","Currency risk does not require you to trade currencies. It only requires your income and your obligations to be in different ones, which is ordinary for international students and for anyone supporting family abroad.","مخاطر العملة لا تتطلب أن تتداول العملات، بل يكفي أن يكون دخلك والتزاماتك بعملات مختلفة، وهو أمر عادي للطلاب الدوليين ولكل من يعيل عائلة في الخارج.",""
"world","international.international-holding#97","Exposure is about mismatch, not activity","التعرّض يتعلق بالاختلال لا بالنشاط",""
"world","international.international-holding#98","You are exposed to a currency when something you must pay or receive is in it. If your fees are in pounds and your family's support comes from another currency, the exchange rate is part of your budget whether or not you ever open a trading app.","تكون معرّضاً لعملة حين يكون شيء يجب أن تدفعه أو تستقبله بها. فإن كانت رسومك بالجنيه ودعم عائلتك بعملة أخرى، فسعر الصرف جزء من ميزانيتك سواء فتحت تطبيق تداول أم لا.",""
"world","international.international-holding#99","Currency movement is two-sided. The move that hurts you as a payer helps you as a recipient, which is why the same news is good for some students and bad for others.","حركة العملة ذات وجهين. ما يؤذيك كدافع ينفعك كمستلم، ولهذا يكون الخبر نفسه جيداً لطلاب وسيئاً لآخرين.",""
"world","international.international-holding#100","A natural hedge is when you already hold both sides: some income in the currency you spend in reduces the mismatch without any financial product.","التحوّط الطبيعي هو أن تملك الطرفين أصلاً: دخل جزئي بالعملة التي تنفق بها يقلّل الاختلال دون أي منتج مالي.",""
"world","international.international-holding#101","The same rate move, two students","الحركة نفسها، طالبان",""
"world","international.international-holding#102","The pound strengthens against another currency. Both students live in the UK. The rate move is identical.","يرتفع الجنيه أمام عملة أخرى. الطالبان يعيشان في بريطانيا. وحركة السعر واحدة.",""
"world","international.international-holding#103","Student A supported from abroad","الطالب (أ) يتلقى دعماً من الخارج",""
"world","international.international-holding#104","The same amount in the other currency converts to fewer pounds. Their UK budget shrinks without anyone changing the amount sent.","المبلغ نفسه بالعملة الأخرى يُحوَّل إلى جنيهات أقل. ميزانيته في بريطانيا تنكمش دون أن يغيّر أحد المبلغ المرسل.",""
"world","international.international-holding#105","Student B earning in pounds, paying fees abroad","الطالب (ب) يكسب بالجنيه ويدفع رسوماً بالخارج",""
"world","international.international-holding#106","The same pounds now cover more of the foreign bill. Their position improves for the same reason A's worsened.","الجنيهات نفسها تغطي الآن جزءاً أكبر من الفاتورة الأجنبية. وتتحسّن حاله للسبب نفسه الذي سوّأ حال (أ).",""
"world","international.international-holding#107","Student C earning and spending in pounds","الطالب (ج) يكسب وينفق بالجنيه",""
"world","international.international-holding#108","No direct effect. Not every student is exposed, and assuming everyone is would be as wrong as assuming nobody is.","لا أثر مباشر. ليس كل طالب معرّضاً، والافتراض بأن الجميع معرّض خطأ كالافتراض بأن لا أحد معرّض.",""
"world","international.international-holding#109","Exposure is personal. The question is never “what is the pound doing” but “what am I holding, and what do I have to pay”.","التعرّض شخصي. والسؤال ليس «ماذا يفعل الجنيه» بل «ماذا أملك وماذا يجب أن أدفع».",""
"world","international.international-holding#110","Who is exposed to the pound–rupee rate?","من المعرّض لسعر صرف الجنيه مقابل الروبية؟",""
"world","international.international-holding#111","Only people who trade currency.","فقط من يتداول العملات.",""
"world","international.international-holding#112","Anyone whose income and outgoings are in different currencies, whether or not they trade.","كل من دخله ونفقاته بعملات مختلفة، سواء تداول أم لا.",""
"world","international.international-holding#113","Only large companies.","الشركات الكبرى فقط.",""
"world","international.international-holding#114","A student receiving support from abroad is running an unhedged currency position of several thousand pounds a year without ever making a trade. That is the point of the lesson.","الطالب الذي يتلقى دعماً من الخارج يدير مركزاً بالعملة غير محوّط بآلاف الجنيهات سنوياً دون أن ينفّذ أي صفقة. وهذه خلاصة الدرس.",""
"world","international.international-holding#115","Complete the sentence about hedging.","أكمل الجملة عن التحوّط.",""
"world","international.international-holding#116","Hedging does not remove the risk, it","التحوّط لا يزيل المخاطرة، بل",""
"world","international.international-holding#117","which means you give up the chance of a favourable move to avoid the unfavourable one.","أي أنك تتخلى عن فرصة الحركة المواتية لتتجنّب الحركة غير المواتية.",""
"world","international.international-holding#118","fixes a price now","يثبّت سعراً الآن",""
"world","international.international-holding#119","doubles your money","يضاعف مالك",""
"world","international.international-holding#120","removes all fees","يزيل كل الرسوم",""
"world","international.international-holding#121","That symmetry is why hedging is a budgeting decision rather than an investment one. You are buying certainty, and certainty has a price. For a student with a fixed bill in three months, fixing the rate is often the boring and correct answer.","هذا التماثل هو ما يجعل التحوّط قراراً متعلقاً بالميزانية لا بالاستثمار. أنت تشتري يقيناً، ولليقين ثمن. ولطالب له فاتورة ثابتة بعد ثلاثة أشهر، تثبيت السعر هو الجواب المملّ والصحيح غالباً.",""
"world","international.international-holding#122","Match each term to what it describes.","طابق كل مصطلح بما يصفه.",""
"world","international.international-holding#123","Currency risk","مخاطر العملة",""
"world","international.international-holding#124","The rate moving while you hold a mismatch","تحرّك السعر أثناء حملك اختلالاً",""
"world","international.international-holding#125","Natural hedge","التحوّط الطبيعي",""
"world","international.international-holding#126","Earning in the currency you spend in","الكسب بالعملة التي تنفق بها",""
"world","international.international-holding#127","Hedging","التحوّط",""
"world","international.international-holding#128","Fixing a rate now to remove the uncertainty","تثبيت السعر الآن لإزالة عدم اليقين",""
"world","international.international-holding#129","Speculation","المضاربة",""
"world","international.international-holding#130","Taking on a currency position you did not already need","اتخاذ مركز بالعملة لم تكن بحاجه إليه",""
"world","international.international-holding#131","You have a £9,000 tuition bill due in three months, paid from savings held in another currency. What is the sensible thing to understand?","عليك فاتورة رسوم بقيمة ٩٠٠٠ جنيه بعد ثلاثة أشهر، تُدفع من مدخرات بعملة أخرى. ما المعقول أن تفهمه؟",""
"world","international.international-holding#132","“My bill is £9,000, so my risk is £9,000.”","«فاتورتي ٩٠٠٠ جنيه، فمخاطرتي ٩٠٠٠ جنيه.»",""
"world","international.international-holding#133","The bill is fixed; the cost to you is not. If your currency weakens 5% in three months you need about £450 more, and the bill on the letter has not changed at all.","الفاتورة ثابتة، أما كلفتها عليك فليست ثابتة. فإن ضعفت عملتك ٥٪ في ثلاثة أشهر فستحتاج نحو ٤٥٠ جنيهاً أكثر، والفاتورة المدوّنة لم تتغيّر إطلاقاً.",""
"world","international.international-holding#134","“What I owe is fixed in pounds, but what it costs me is not, so the timing of the conversion is a real decision.”","«ما عليّ ثابت بالجنيه، أما كلفته عليّ فليست ثابتة، فموعد التحويل قرار حقيقي.»",""
"world","international.international-holding#135","Exactly right, and it is a decision most people make by accident: they convert when the bill falls due. Deciding deliberately, including possibly fixing part of it early, is the whole of currency management for someone in your position.","صحيح تماماً، وهو قرار يتخذه معظم الناس بالمصادفة: يحوّلون حين يحل موعد الفاتورة. والبتّ فيه عن قصد، بما في ذلك تثبيت جزء منه مبكراً، هو كل ما يمكن فعله في إدارة العملة لمن هم في وضعك.",""
"world","international.international-holding#136","“I should buy more of the other currency to profit from the move.”","«ينبغي أن أشتري المزيد من العملة الأخرى لأربح من الحركة.»",""
"world","international.international-holding#137","That turns a budgeting problem into a bet, and now you have two risks instead of one. Speculating to cover a bill you must pay is how a manageable position becomes an unmanageable one.","هذا يحوّل مسألة ميزانية إلى رهان، وتصبح لديك مخاطرتان بدل واحدة. والمضاربة لتغطية فاتورة واجبة هي كيف يتحوّل مركز يمكن إدارته إلى مركز لا يمكن إدارته.",""
"world","international.international-investing#138","Investing across borders","الاستثمار عبر الحدود",""
"world","international.international-investing#139","Tell a company's risk apart from a currency's risk, and know what a global fund already holds.","ميّز بين مخاطر الشركة ومخاطر العملة، واعرف ما يحمله الصندوق العالمي أصلاً.",""
"world","international.international-investing#140","Most students who invest at all do it through a global tracker, which already means taking on a dozen currencies without a decision ever being made about them. Knowing what the fund holds, and which risks are the company's rather than the exchange rate's, is what makes that a choice instead of a default.","معظم الطلاب الذين يستثمرون يفعلون ذلك عبر صندوق عالمي متتبّع، وهذا يعني أصلاً التعرّض لعشرات العملات دون أي قرار يُتخذ بشأنها. ومعرفة ما يحمله الصندوق، وأي المخاطر يعود للشركة وأيّها لسعر الصرف، هو ما يجعل ذلك اختياراً لا افتراضاً.",""
"world","international.international-investing#141","Two risks wearing one coat","مخاطرتان في معطف واحد",""
"world","international.international-investing#142","Buying a foreign share gives you two separate things: the performance of the company in its own currency, and the performance of that currency against yours. Either can help or hurt, and they can cancel each other out, which is why the result is often less dramatic than either component.","شراء سهم أجنبي يمنحك أمرين منفصلين: أداء الشركة بعملتها، وأداء تلك العملة مقابل عملتك. وكل منهما قد ينفع أو يضر، وقد يتلاشى أحدهما بالآخر، ولهذا تكون النتيجة غالباً أقل دراماتيكية من أي من المكوّنين.",""
"world","international.international-investing#143","Currency exposure in a global fund is not a strategy you chose. It arrives bundled, and it is one of the largest sources of short-term movement in a global portfolio.","التعرّض للعملات في الصندوق العالمي ليس استراتيجية اخترتها، بل يأتي مرافقاً، وهو من أكبر مصادر التحرّك قصير الأجل في المحفظة العالمية.",""
"world","international.international-investing#144","Over long periods currencies have tended to be roughly a wash against each other, but the period a student's money is invested for is not necessarily long.","على المدى الطويل تميل العملات إلى التعادل تقريباً، لكن المدة التي يُستثمر فيها مال الطالب ليست طويلة بالضرورة.",""
"world","international.international-investing#145","A global tracker already holds most of the world's listed companies by value. Adding a single-country or emerging-markets fund is a deliberate narrowing, not a way of “getting more international”.","الصندوق العالمي المتتبّع يحمل أصلاً معظم شركات العالم المدرجة بالقيمة. وإضافة صندوق لبلد واحد أو للأسواق الناشئة هو تضييق متعمّد، لا وسيلة لـ«زيادة العالمية».",""
"world","international.international-investing#146","Same company, two currencies","الشركة نفسها، عملتان",""
"world","international.international-investing#147","A UK investor holds a US company and a UK company. Both companies do equally well in their own terms.","مستثمر بريطاني يحمل شركة أمريكية وشركة بريطانية. أداء الشركتين متساوٍ بعملتهما.",""
"world","international.international-investing#148","The US company, no currency move","الشركة الأمريكية بلا حركة عملة",""
"world","international.international-investing#149","You get exactly the company's return. Nothing has been added or taken away.","تحصل على عائد الشركة تماماً. لم يُضف شيء ولم يُنقص.",""
"world","international.international-investing#150","The US company, dollar falls 5% against the pound","الشركة الأمريكية والدولار يهبط ٥٪ أمام الجنيه",""
"world","international.international-investing#151","Your profit in dollars is worth about 5% less when converted. A good company became a poor result.","ربحك بالدولار يساوي نحو ٥٪ أقل عند التحويل. شركة جيدة تحوّلت إلى نتيجة سيئة.",""
"world","international.international-investing#152","A UK company in a global fund","شركة بريطانية في صندوق عالمي",""
"world","international.international-investing#153","A UK investor in a global tracker usually has roughly 40% or more in a handful of foreign currencies before making any decision at all.","المستثمر البريطاني في صندوق عالمي متتبّع يحمل عادة نحو ٤٠٪ أو أكثر بعملات أجنبية قليلة قبل أن يتخذ أي قرار.",""
"world","international.international-investing#154","The company's return and your return are not the same number. The gap is the currency, and it is not a rounding error.","عائد الشركة وعائدك ليسا الرقم نفسه. والفارق هو العملة، وهو ليس خطأ تقريب.",""
"world","international.international-investing#155","Sort each risk by where it comes from.","صنّف كل خطر بحسب مصدره.",""
"world","international.international-investing#156","The company's risk","خطر الشركة",""
"world","international.international-investing#157","Its products stop selling","توقّف منتجاتها عن البيع",""
"world","international.international-investing#158","Its management makes a bad acquisition","قيام إدارتها باستحواذ سيئ",""
"world","international.international-investing#159","A regulator fines it","تغريم جهة تنظيمية لها",""
"world","international.international-investing#160","The currency's risk","خطر العملة",""
"world","international.international-investing#161","The rate moves after you buy","تحرّك السعر بعد شرائك",""
"world","international.international-investing#162","Your country's interest rate changes","تغيّر سعر الفائدة في بلدك",""
"world","international.international-investing#163","What does a global tracker fund already give you?","ما الذي يمنحك إيّاه الصندوق العالمي المتتبّع أصلاً؟",""
"world","international.international-investing#164","Only UK companies.","شركات بريطانية فقط.",""
"world","international.international-investing#165","Thousands of companies across many countries, and exposure to their currencies.","آلاف الشركات في بلدان كثيرة، وتعرّضاً لعملاتها.",""
"world","international.international-investing#166","Protection from currency risk.","حماية من مخاطر العملة.",""
"world","international.international-investing#167","A global fund is international by default. That is also why adding an emerging-markets fund is a bet on a specific slice, and why it is a change in risk rather than an addition of diversification.","الصندوق العالمي دولي بشكل افتراضي. ولهذا أيضاً تكون إضافة صندوق للأسواق الناشئة رهاناً على شريحة محدّدة، ولهذا تكون تغييراً في المخاطر لا إضافة للتنويع.",""
"world","international.international-investing#168","Complete the sentence about currency in portfolios.","أكمل الجملة عن العملات في المحافظ.",""
"world","international.international-investing#169","Currency movement is a large part of a global fund's short-term return, which is why the fund's own factsheet","حركة العملة جزء كبير من عائد الصندوق العالمي قصير الأجل، ولهذا فإن ورقة بيانات الصندوق",""
"world","international.international-investing#170","its currency exposure, not just its countries.","تعرّضه للعملات، لا لبلدانها فقط.",""
"world","international.international-investing#171","has to disclose","يجب أن تفصح عن",""
"world","international.international-investing#172","ignores","تتجاهل",""
"world","international.international-investing#173","guarantees","تضمن",""
"world","international.international-investing#174","Reading the currency breakdown turns an abstract worry into a number you can see. It also usually shows concentration you did not expect, because a handful of currencies dominate global markets.","قراءة توزيع العملات تحوّل القلق المجرّد إلى رقم تراه. وهي تُظهر عادة تركّزاً لم تتوقّعه، لأن عدداً قليلاً من العملات يسيطر على الأسواق العالمية.",""
"world","international.international-investing#175","You hold a global tracker and a friend says you should add an emerging-markets fund “to be more diversified”. What is the accurate response?","تحمل صندوقاً عالمياً متتبّعاً ويقول لك صديق إن عليك إضافة صندوق للأسواق الناشئة «لتزيد التنويع». ما الردّ الدقيق؟",""
"world","international.international-investing#176","“Good idea, more countries means less risk.”","«فكرة جيدة، بلدان أكثر تعني مخاطرة أقل.»",""
"world","international.international-investing#177","More countries is not less risk. Emerging markets are more volatile, and the global tracker already holds some of them, so the effect is to concentrate rather than to spread.","بلدان أكثر لا تعني مخاطرة أقل. فالأسواق الناشئة أكثر تقلّباً، والصندوق العالمي يحمل بعضها أصلاً، فالأثر تركيز لا توزيع.",""
"world","international.international-investing#178","“The global fund already holds emerging markets, so this would be a deliberate bet on that part of the world.”","«الصندوق العالمي يحمل أسواقاً ناشئة أصلاً، فسيكون هذا رهاناً متعمّداً على ذلك الجزء من العالم.»",""
"world","international.international-investing#179","That is the accurate reading. It may still be what you want, but it is a change in what you are betting on, not a free improvement in diversification.","هذه هي القراءة الدقيقة. وقد يكون هذا ما تريده فعلاً، لكنه تغيير في موضوع رهانك، لا تحسين مجاني في التنويع.",""
"world","international.international-investing#180","“Never invest outside your own country.”","«لا تستثمر خارج بلدك أبداً.»",""
"world","international.international-investing#181","That is the opposite error. It concentrates everything in one economy and one currency, which is the exposure you were trying to manage in the first place.","هذا هو الخطأ المعاكس. فهو يركّز كل شيء في اقتصاد واحد وعملة واحدة، وهو التعرّض الذي كنت تحاول إدارته أساساً.",""
"world","community.pathway#1","Community & Cooperative Finance","التمويل المجتمعي والتعاوني",""
"world","community.pathway#2","What changes when the customers own the institution","ما الذي يتغيّر حين يملك العملاء المؤسسة",""
"world","community.pathway#3","Optional branch. Useful if you want to know what a building society or credit union actually is, and why some financial institutions have no shareholders.","مسار اختياري. مفيد لمعرفة ما هي جمعية البناء أو الاتحاد الائتماني فعلاً، ولماذا لا يوجد لبعض المؤسسات المالية مساهمون.",""
"world","community.pathway#4","Owned by the members","مملوكة للأعضاء",""
"world","community.community-credit-unions#5","Credit unions: banks owned by their members","الاتحادات الائتمانية: بنوك يملكها أعضاؤها",""
"world","community.community-credit-unions#6","Explain who owns a credit union, who can join one, and where it differs from a bank.","اشرح من يملك الاتحاد الائتماني، ومن يمكنه الانضمام، وأين يختلف عن البنك.",""
"world","community.community-credit-unions#7","Credit unions are one of the few financial institutions a student can join that are not trying to sell to an outside shareholder, and their rates are frequently better than a bank's for exactly that reason. They are also smaller, which has real consequences.","الاتحادات الائتمانية من المؤسسات المالية القليلة التي يستطيع الطالب الانضمام إليها دون أن تعمل لصالح مساهم خارجي، وأسعارها أفضل من أسعار البنوك غالباً ولهذا السبب تحديداً. لكنها أصغر حجماً، ولذلك نتائج حقيقية.",""
"world","community.community-credit-unions#8","A co-operative, not a charity","تعاونية لا جمعية خيرية",""
"world","community.community-credit-unions#9","A credit union is a financial co-operative. The people who save with it are the owners, and they are also the people who borrow from it. There is no outside shareholder to pay, so surplus goes back to members as better savings rates or cheaper loans rather than as a dividend.","الاتحاد الائتماني تعاونية مالية. من يودعون فيه هم المالكون، وهم أيضاً من يقترضون منه. ولا يوجد مساهم خارجي يُدفع له، فالفائض يعود للأعضاء على شكل أسعار إيداع أفضل أو قروض أرخص لا على شكل توزيعات.",""
"world","community.community-credit-unions#10","You join, you do not just open an account. Membership usually requires a “common bond”: living in an area, working for an employer, or belonging to an association.","أنت تنضم، ولا تكتفي بفتح حساب. والعضوية تشترط عادة «رابطة مشتركة»: السكن في منطقة، أو العمل عند جهة، أو الانتماء إلى جمعية.",""
"world","community.community-credit-unions#11","It is not a charity. It must cover its costs and hold capital, and it can decline you or charge for a loan like any lender.","وهو ليس جمعية خيرية. عليه تغطية تكاليفه وحمل رأس مال، ويمكنه رفضك أو فرض رسوم على القرض كأي مُقرِض.",""
"world","community.community-credit-unions#12","Savings are protected to the same limit as a bank's, because credit unions are covered by the same compensation scheme.","المدخرات محمية بالحد نفسه الذي يحمي مدخرات البنوك، لأن الاتحادات الائتمانية مشمولة بنظام التعويض نفسه.",""
"world","community.community-credit-unions#13","The same £1,000 in two institutions","ألف جنيه في مؤسستين",""
"world","community.community-credit-unions#14","A student saves £1,000 and later borrows £1,000. One institution is a bank owned by shareholders, the other a credit union owned by its members.","طالب يوفّر ١٠٠٠ جنيه ثم يقترض ١٠٠٠ جنيه. إحدى المؤسستين بنك يملكه مساهمون، والأخرى اتحاد ائتماني يملكه أعضاؤه.",""
"world","community.community-credit-unions#15","Where the profit goes (bank)","إلى أين يذهب الربح (البنك)",""
"world","community.community-credit-unions#16","After costs, to shareholders as a dividend, or retained to grow the business for shareholders.","بعد التكاليف، إلى المساهمين كتوزيعات، أو يُحتجز لتنمية العمل لصالح المساهمين.",""
"world","community.community-credit-unions#17","Where the profit goes (credit union)","إلى أين يذهب الربح (الاتحاد)",""
"world","community.community-credit-unions#18","Back into the member services, usually as a higher rate on savings or a lower rate on borrowing. Some pay a small dividend to members.","يعود إلى خدمات الأعضاء، غالباً كسعر أعلى على المدخرات أو أقل على الاقتراض. وبعضها يوزّع أرباحاً صغيرة على الأعضاء.",""
"world","community.community-credit-unions#19","The trade-off","المقايضة",""
"world","community.community-credit-unions#20","Branch networks, 24-hour phone lines and app budgets are smaller. What you gain in rates you may lose in convenience.","شبكات الفروع وخطوط الهاتف على مدار الساعة وميزانيات التطبيقات أصغر. وما تكسبه في الأسعار قد تخسره في السهولة.",""
"world","community.community-credit-unions#21","The advantage is structural, not charitable. The disadvantage is also structural, and neither is a secret.","الميزة بنيوية لا خيرية. والعيب بنيوي أيضاً، ولا أحد يخفيهما.",""
"world","community.community-credit-unions#22","Who owns a credit union?","من يملك الاتحاد الائتماني؟",""
"world","community.community-credit-unions#23","Its members","أعضاؤه",""
"world","community.community-credit-unions#24","The government","الحكومة",""
"world","community.community-credit-unions#25","Outside shareholders","مساهمون خارجيون",""
"world","community.community-credit-unions#26","Membership ownership is the whole definition, and it is why the surplus is distributed differently. Everything else about a credit union follows from that one fact.","ملكية الأعضاء هي التعريف كله، وهي سبب اختلاف توزيع الفائض. وكل ما عدا ذلك في الاتحاد يتبع هذه الحقيقة الواحدة.",""
"world","community.community-credit-unions#27","Match each term to what it means.","طابق كل مصطلح بمعناه.",""
"world","community.community-credit-unions#28","Common bond","الرابطة المشتركة",""
"world","community.community-credit-unions#29","The shared link that makes you eligible to join","الرابط المشترك الذي يؤهلك للانضمام",""
"world","community.community-credit-unions#30","Member","العضو",""
"world","community.community-credit-unions#31","A saver who also owns the institution","مودِع يملك المؤسسة أيضاً",""
"world","community.community-credit-unions#32","Surplus","الفائض",""
"world","community.community-credit-unions#33","What is left after costs, returned to members","ما يتبقى بعد التكاليف ويُعاد للأعضاء",""
"world","community.community-credit-unions#34","FSCS","نظام تعويض الودائع",""
"world","community.community-credit-unions#35","The scheme that protects your savings if the institution fails","النظام الذي يحمي مدخراتك إن تعثّرت المؤسسة",""
"world","community.community-credit-unions#36","Complete the sentence.","أكمل الجملة.",""
"world","community.community-credit-unions#37","A credit union is owned by its members, so its main advantage over a bank is","الاتحاد الائتماني مملوك لأعضائه، فميزته الأساسية على البنك",""
"world","community.community-credit-unions#38","rather than anything to do with the service being free.","لا علاقة لها بكون الخدمة مجانية.",""
"world","community.community-credit-unions#39","that surplus returns to those members","أن الفائض يعود إلى هؤلاء الأعضاء",""
"world","community.community-credit-unions#40","that it pays no tax","أنه لا يدفع ضريبة",""
"world","community.community-credit-unions#41","that deposits earn nothing","أن الودائع لا تدرّ شيئاً",""
"world","community.community-credit-unions#42","Getting the reason right matters. A student who joins a credit union expecting free banking will be disappointed; one who joins expecting a better rate and less convenience will usually be right.","فهم السبب مهم. فالطالب الذي ينضم متوقعاً خدمات مصرفية مجانية سيُصاب بخيبة أمل، أما من ينضم متوقعاً سعراً أفضل وسهولة أقل فسيكون على حق غالباً.",""
"world","community.community-credit-unions#43","You want a student account with an app you like, and also to know your savings are doing something other than paying a shareholder. What is the sensible arrangement?","تريد حساباً طلابياً بتطبيق يعجبك، وفي الوقت نفسه أن تعرف أن مدخراتك لا تعمل لصالح مساهم فقط. ما الترتيب المعقول؟",""
"world","community.community-credit-unions#44","“I have to pick one institution and stay with it.”","«عليّ اختيار مؤسسة واحدة والبقاء معها.»",""
"world","community.community-credit-unions#45","Nobody has to. Holding accounts in more than one place is common, and it is often how people get both the convenience they use daily and the rate they want on savings.","لا يلزم أحداً ذلك. وفتح حسابات في أكثر من مكان أمر شائع، وهو غالباً السبيل للحصول على السهولة اليومية والسعر المطلوب على المدخرات.",""
"world","community.community-credit-unions#46","“Keep the everyday account where the app is good, and move the savings to the credit union if its rate is better.”","«أُبقي حساب الاستخدام اليومي حيث التطبيق جيد، وأنقل المدخرات إلى الاتحاد إن كان سعره أفضل.»",""
"world","community.community-credit-unions#47","That is how the two institutions actually compete with each other, and it costs you nothing but an extra account. Compare the rates on the amount you actually hold, not the headline rate.","بهذه الطريقة تتنافس المؤسستان فعلاً، ولن يكلّفك الأمر إلا حساباً إضافياً. قارن الأسعار على المبلغ الذي تحمله فعلاً، لا السعر المعلن.",""
"world","community.community-credit-unions#48","“Credit unions are only for people who cannot get a bank account.”","«الاتحادات الائتمانية لمن لا يستطيع فتح حساب بنكي فقط.»",""
"world","community.community-credit-unions#49","That was closer to true decades ago and is not true now. Many credit unions deliberately serve people the banks declined, but membership is open to anyone with the common bond, and the rates attract savers with no difficulty at all.","كان ذلك أقرب للصحة قبل عقود، ولم يعد كذلك. كثير من الاتحادات تخدم عن قصد من رفضتهم البنوك، لكن العضوية متاحة لكل من تنطبق عليه الرابطة المشتركة، والأسعار تجذب مودعين لا يعانون أي صعوبة.",""
"world","community.community-mutuals#50","Mutuals and building societies","الجمعيات التعاونية وجمعيات البناء",""
"world","community.community-mutuals#51","Explain member ownership at scale, and name the structural limitation that comes with it.","اشرح ملكية الأعضاء على نطاق واسع، وسمِّ القيد البنيوي المصاحب لها.",""
"world","community.community-mutuals#52","Building societies hold a large share of UK mortgages and savings, so most students will deal with one without realising it is not a bank. The interesting part is why the model survives at all when it cannot raise capital from the stock market, and what that means for the customer.","تستحوذ جمعيات البناء على حصة كبيرة من الرهون والمدخرات في بريطانيا، لذا سيتعامل معظم الطلاب مع إحداها دون أن يدركوا أنها ليست بنكاً. والمثير هو سبب بقاء النموذج وهو لا يستطيع جمع رأس المال من السوق، وما يعنيه ذلك للعميل.",""
"world","community.community-mutuals#53","One member, one vote","عضو واحد، صوت واحد",""
"world","community.community-mutuals#54","A mutual is owned by its members rather than by shareholders, and control is democratic: each member gets one vote regardless of how much they have saved. It is a different answer to the question of who the institution is for.","الجمعية التعاونية مملوكة لأعضائها لا لمساهمين، والسيطرة ديمقراطية: لكل عضو صوت واحد أياً كان حجم مدخراته. إنها إجابة مختلفة عن سؤال: لمن تعمل المؤسسة.",""
"world","community.community-mutuals#55","Because there are no shares, the institution cannot raise equity from the market. It funds itself from deposits and retained profits, which makes it cautious by construction rather than by policy.","لعدم وجود أسهم، لا تستطيع المؤسسة جمع رأس مال من السوق، بل تموّل نفسها من الودائع والأرباح المحتجزة. وهذا يجعلها حذرة بالبناء لا بالسياسة.",""
"world","community.community-mutuals#56","One vote per member is fair and also means a member with £50,000 saved has the same say as one with £50. That is a deliberate choice with real weaknesses, including that it is hard to raise large amounts of capital quickly.","صوت واحد لكل عضو عادل، ويعني أيضاً أن عضواً بمدخرات ٥٠٠٠٠ جنيه له رأي كصاحب ٥٠ جنيهاً. وهو خيار متعمّد له ضعف حقيقي، منها صعوبة جمع مبالغ كبيرة بسرعة.",""
"world","community.community-mutuals#57","Size is possible: some UK building societies are among the largest mortgage lenders in the country, so mutual does not mean small.","الحجم ممكن: بعض جمعيات البناء البريطانية من أكبر مقرضي الرهون في البلد، فالتعاونية لا تعني صغيرة.",""
"world","community.community-mutuals#58","The same mortgage, two owners","الرهن نفسه، مالكان مختلفان",""
"world","community.community-mutuals#59","Two lenders offer a similar fixed-rate mortgage. The structural difference shows up in how each behaves when conditions change.","مقرضان يعرضان رهناً مشابهاً بسعر ثابت. ويظهر الفرق البنيوي في سلوك كل منهما عند تغيّر الظروف.",""
"world","community.community-mutuals#60","When rates fall (shareholder-owned)","عند انخفاض الفائدة (ملكية مساهمين)",""
"world","community.community-mutuals#61","Pressure to widen the margin and improve profit, because shareholders expect a return.","ضغط لتوسيع الهامش وتحسين الربح، لأن المساهمين يتوقّعون عائداً.",""
"world","community.community-mutuals#62","When rates fall (mutual)","عند انخفاض الفائدة (تعاونية)",""
"world","community.community-mutuals#63","More freedom to pass the benefit to borrowers or savers, since there is no external dividend to protect.","حرية أكبر لتمرير النفع إلى المقترضين أو المودعين، إذ لا توزيعات خارجية لحمايتها.",""
"world","community.community-mutuals#64","When capital is needed (mutual)","عند الحاجة إلى رأس مال (تعاونية)",""
"world","community.community-mutuals#65","It has to retain profit or borrow, and cannot issue shares. Growth is slower and a shock is harder to absorb.","عليها احتجاز الأرباح أو الاقتراض، ولا يمكنها إصدار أسهم. النمو أبطأ واستيعاب الصدمات أصعب.",""
"world","community.community-mutuals#66","Member ownership shifts who benefits in the good times and removes a tool for surviving the bad times. Both halves are the same design decision.","ملكية الأعضاء تغيّر من ينتفع في الأوقات الجيدة وتزيل أداة للنجاة في الأوقات الصعبة. والوجهان قرار تصميمي واحد.",""
"world","community.community-mutuals#67","Sort each characteristic by the kind of institution it describes.","صنّف كل صفة بحسب نوع المؤسسة التي تصفها.",""
"world","community.community-mutuals#68","Member-owned mutual","تعاونية مملوكة للأعضاء",""
"world","community.community-mutuals#69","One member, one vote","عضو واحد، صوت واحد",""
"world","community.community-mutuals#70","No shares traded on a market","لا أسهم متداولة في سوق",""
"world","community.community-mutuals#71","Surplus retained or passed to members","الفائض يُحتجز أو يُمرَّر للأعضاء",""
"world","community.community-mutuals#72","Shareholder-owned company","شركة مملوكة لمساهمين",""
"world","community.community-mutuals#73","One share, one vote","سهم واحد، صوت واحد",""
"world","community.community-mutuals#74","Can raise capital by issuing shares","يمكنها جمع رأس المال بإصدار أسهم",""
"world","community.community-mutuals#75","Dividends paid to outside owners","توزيعات تُدفع لمالكين خارجيين",""
"world","community.community-mutuals#76","What is the main structural limitation of a building society?","ما القيد البنيوي الأساسي لجمعية البناء؟",""
"world","community.community-mutuals#77","It cannot raise equity capital from the market, so it must grow out of retained profit.","لا تستطيع جمع رأس مال من السوق، فعليها النمو من الأرباح المحتجزة.",""
"world","community.community-mutuals#78","It is not regulated.","غير خاضعة للتنظيم.",""
"world","community.community-mutuals#79","Its deposits are not protected.","ودائعها غير محمية.",""
"world","community.community-mutuals#80","The capital constraint is the real one, and it explains the caution that members often experience as good service and critics describe as missed opportunity. Deposits in a building society are protected and it is fully regulated, so the other two options are wrong.","قيد رأس المال هو القيد الحقيقي، وهو يفسّر الحذر الذي يعتبره الأعضاء خدمة جيدة ويصفه النقاد بفرصة ضائعة. أما الودائع في جمعية البناء فمحمية والمؤسسة منظّمة بالكامل، لذا الخياران الآخران خطأ.",""
"world","community.community-mutuals#81","Put the steps of a demutualisation in order.","رتّب خطوات التحوّل من التعاونية إلى شركة.",""
"world","community.community-mutuals#82","Members are offered a vote on the change","يُعرض على الأعضاء التصويت على التغيير",""
"world","community.community-mutuals#83","A majority of members votes in favour","تصوّت أغلبية الأعضاء بالموافقة",""
"world","community.community-mutuals#84","The society becomes a company with shares","تتحول الجمعية إلى شركة ذات أسهم",""
"world","community.community-mutuals#85","Members receive shares or cash as a windfall","يتلقى الأعضاء أسهماً أو نقداً كمكسب مفاجئ",""
"world","community.community-mutuals#86","Future profits are answerable to shareholders, not members","تصبح الأرباح المستقبلية مسؤولة أمام المساهمين لا الأعضاء",""
"world","community.community-mutuals#87","Demutualisation genuinely happened in the UK in the 1990s, and it is worth understanding the incentive it created: a member with a £500 account was voting on whether to receive a windfall of a few thousand pounds, while giving up a share in an institution worth billions. Whether that was a good deal is still argued about.","حدث التحوّل فعلاً في بريطانيا في التسعينيات، ويستحق فهم الحافز الذي خلقه: عضو بحساب ٥٠٠ جنيه يصوّت على استلام مكسب مفاجئ ببضعة آلاف، مقابل التنازل عن حصة في مؤسسة تساوي المليارات. وهل كان ذلك صفقة جيدة لا يزال محل جدل.",""
"world","community.community-mutuals#88","A building society offers you £200,000 and a savings bond to demutualise. You are a member with £1,000 in savings. What is the honest way to think about it?","تعرض عليك جمعية بناء ٢٠٠ ألف جنيه وسنداً ادخارياً مقابل التحوّل إلى شركة. وأنت عضو بمدخرات ١٠٠٠ جنيه. ما الطريقة الصادقة للتفكير؟",""
"world","community.community-mutuals#89","“Free money, I should take it.”","«مال مجاني، عليّ قبوله.»",""
"world","community.community-mutuals#90","It is not free. You are selling your ownership of the institution, and its future profits will go to shareholders. The payment may still be enough to persuade you, but it is a sale, not a gift.","ليس مجانياً. أنت تبيع ملكيتك في المؤسسة، وستذهب أرباحها المستقبلية إلى المساهمين. وقد يكفي المبلغ لإقناعك، لكنه بيع لا هدية.",""
"world","community.community-mutuals#91","“I am trading a share of a large institution for a smaller certain amount, so the question is which I value more.”","«أنا أبادل حصة في مؤسسة كبيرة بمبلغ مؤكد أصغر، فالسؤال أيهما أثمن عندي.»",""
"world","community.community-mutuals#92","That is the actual decision, and it is a genuinely reasonable one to answer either way. The useful thing is to notice that a small certain sum is psychologically compelling in a way an unquantifiable ownership share is not, which is exactly how these votes tend to pass.","هذا هو القرار الفعلي، والجواب عنه من الطرفين معقول فعلاً. والمفيد أن تلاحظ أن المبلغ الصغير المؤكد جاذب نفسياً بطريقة لا تجذب بها الحصة الملكية غير القابلة للقياس، وهكذا تمرّ هذه التصويتات عادة.",""
"world","community.community-mutuals#93","“Demutualisation is always wrong.”","«التحوّل إلى شركة خطأ دائماً.»",""
"world","community.community-mutuals#94","Not always. The capital constraint is real, and a mutual that needs capital to survive may serve its members better as a company. The honest position is that it is a trade, not a moral test.","ليس دائماً. فقيد رأس المال حقيقي، وقد تخدم التعاونية أعضاءها أفضل كشركة إن احتاجت رأس مال للبقاء. والموقف الصادق أنها مقايضة لا اختبار أخلاقي.",""
"world","community.community-shares#95","Pooling capital as a community","تجميع رأس المال مجتمعياً",""
"world","community.community-shares#96","Describe how community shares work, and identify the risks that make them different from listed shares.","اشرح كيف تعمل الأسهم المجتمعية، وحدّد المخاطر التي تجعلها مختلفة عن الأسهم المدرجة.",""
"world","community.community-shares#97","Community shares are the one place a student is likely to be offered an investment by people they know, for local reasons rather than financial ones. That mix is exactly why the risks need stating plainly before the decision, not after.","الأسهم المجتمعية هي الموضع الذي يُرجّح فيه أن يعرض عليك أشخاص تعرفهم استثماراً لأسباب محلية لا مالية. وهذا المزيج بالتحديد هو سبب الحاجة إلى بيان المخاطر بوضوح قبل القرار لا بعده.",""
"world","community.community-shares#98","Money for something local, and at risk","مال لشيء محلي، ومعرّض للخسارة",""
"world","community.community-shares#99","Community shares raise money from many people, usually small amounts each, to buy or run something local: a pub, a shop, a sports club, an energy scheme. They are legally a form of withdrawable share capital in a community benefit society, with one member one vote regardless of how much each person put in.","تجمع الأسهم المجتمعية المال من كثيرين، بمبالغ صغيرة عادة، لشراء أو تشغيل شيء محلي: حانة أو متجر أو نادٍ رياضي أو مشروع طاقة. وهي قانوناً شكل من رأس المال القابل للسحب في جمعية نفع مجتمعي، بصوت واحد لكل عضو أياً كان ما دفعه.",""
"world","community.community-shares#100","You cannot sell them to someone else. They are not listed, and the society can usually suspend withdrawals if its finances weaken.","لا يمكنك بيعها لشخص آخر. فهي غير مدرجة، ويمكن للجمعية عادة تعليق السحب إن ضعفت ماليتها.",""
"world","community.community-shares#101","They are not covered by the deposit protection scheme. That scheme protects money in a savings account, and this is not a savings account.","وهي غير مشمولة بنظام حماية الودائع. فذلك النظام يحمي المال في حساب ادخاري، وهذا ليس حساباً ادخارياً.",""
"world","community.community-shares#102","The return is usually modest and sometimes zero. People buy them as much for the outcome as for the yield, and that is legitimate, as long as it is not mistaken for a safe savings product.","والعائد متواضع عادة وأحياناً صفر. والناس يشترونها بقدر ما يشترونها للنتيجة بقدر ما يشترونها للعائد، وهذا مشروع ما لم تُفهم على أنها منتج ادخاري آمن.",""
"world","community.community-shares#103","Saving account or community share?","حساب ادخاري أم سهم مجتمعي؟",""
"world","community.community-shares#104","£500 in two places, and the important differences are not the interest rates.","٥٠٠ جنيه في مكانين، والفروق المهمة ليست أسعار الفائدة.",""
"world","community.community-shares#105","£500 in a savings account","٥٠٠ جنيه في حساب ادخاري",""
"world","community.community-shares#106","Protected up to the scheme limit. You can withdraw it. The interest is small but the capital is not at risk.","محمية حتى حد النظام. ويمكنك سحبها. والفائدة صغيرة لكن رأس المال غير معرّض للخسارة.",""
"world","community.community-shares#107","£500 in community shares","٥٠٠ جنيه في أسهم مجتمعية",""
"world","community.community-shares#108","Not protected. Withdrawal depends on the society's rules and its cash. If the project fails, the money can be lost entirely.","غير محمية. والسحب يعتمد على قواعد الجمعية وسيولتها. وإن فشل المشروع فقد يُفقد المال كلياً.",""
"world","community.community-shares#109","The one you can get out of quickly","أيّهما يمكن الخروج منه بسرعة",""
"world","community.community-shares#110","The savings account, always. Community shares are illiquid by design, which is what makes them long-term community capital.","الحساب الادخاري دائماً. فالأسهم المجتمعية غير سائلة بحكم تصميمها، وهذا ما يجعلها رأس مال مجتمعي طويل الأجل.",""
"world","community.community-shares#111","The right question is not “what does it pay” but “can I afford to lose this, and am I willing to wait for it”. If the answer is no to either, it is the wrong product.","السؤال الصحيح ليس «كم تدفع» بل «هل أستطيع تحمّل خسارتها، وهل أقبل الانتظار». وإن كان الجواب لا لأي منهما فالمنتج خطأ.",""
"world","community.community-shares#112","Local and friendly are not the same as protected","المحلي والودّي ليس مثل المحمي",""
"world","community.community-shares#113","A community share offer from people you know, for a cause you support, is still an investment with a real chance of total loss. The rules on how such offers must be presented exist precisely because enthusiasm and financial judgement are separate things, and the offer document is where the risks are meant to be stated. Read the part about what happens if the project fails before the part about the interest rate.","عرض الأسهم المجتمعية من أشخاص تعرفهم ولغرض تؤيده يبقى استثماراً فيه احتمال حقيقي بخسارة كاملة. والقواعد المنظّمة لكيفية تقديم هذه العروض موجودة تحديداً لأن الحماس والحكم المالي أمران منفصلان، ومستند العرض هو موضع بيان المخاطر. اقرأ الجزء المتعلق بما يحدث إن فشل المشروع قبل الجزء المتعلق بسعر الفائدة.",""
"world","community.community-shares#114","What makes community shares different from listed shares?","ما الذي يجعل الأسهم المجتمعية مختلفة عن الأسهم المدرجة؟",""
"world","community.community-shares#115","They usually pay a guaranteed dividend.","تدفع عادة توزيعات مضمونة.",""
"world","community.community-shares#116","They cannot be sold to another investor, and are not covered by the savings protection scheme.","لا يمكن بيعها لمستثمر آخر، ولا تشملها حماية الودائع.",""
"world","community.community-shares#117","They are only available to people over 30.","متاحة فقط لمن تجاوز الثلاثين.",""
"world","community.community-shares#118","Illiquidity and the absence of protection are the defining features, and they are what allow a project to be funded by its own community rather than by a bank. There are no guaranteed dividends in this structure.","عدم السيولة وغياب الحماية هما السمتان المميّزتان، وهما ما يسمح بتمويل مشروع من مجتمعه لا من بنك. ولا توجد توزيعات مضمونة في هذا الهيكل.",""
"world","community.community-shares#119","Complete the sentence.","أكمل الجملة.",""
"world","community.community-shares#120","Community shares are meant to be held","الأسهم المجتمعية مصمّمة لتُحمل",""
"world","community.community-shares#121",", which is why the society is allowed to suspend withdrawals.","، ولهذا يُسمح للجمعية بتعليق السحب.",""
"world","community.community-shares#122","for the long term","على المدى الطويل",""
"world","community.community-shares#123","for a few weeks","لبضعة أسابيع",""
"world","community.community-shares#124","only by institutions","من المؤسسات فقط",""
"world","community.community-shares#125","That suspension is not a loophole, it is the mechanism. A society that had to repay every member on demand could not fund anything lasting, so the trade is certain illiquidity in exchange for the project existing at all.","التعليق ليس ثغرة بل هو الآلية. فالجمعية التي تُلزم بسداد كل عضو عند الطلب لا تستطيع تمويل شيء دائم، فالمقايضة عدم سيولة مؤكد مقابل وجود المشروع أصلاً.",""
"world","community.community-shares#126","A community energy co-operative near you offers shares at 3% and needs £100,000. You have £600 in savings and you want to help. What is the right approach?","تعاونية طاقة مجتمعية قريبة منك تطرح أسهماً بعائد ٣٪ وتحتاج ١٠٠ ألف جنيه. لديك ٦٠٠ جنيه مدخرات وتريد المساعدة. ما المقاربة الصحيحة؟",""
"world","community.community-shares#127","Invest all £600, the cause is good.","استثمر الـ٦٠٠ كلها، فالغرض نبيل.",""
"world","community.community-shares#128","That puts your entire buffer into an illiquid, unprotected asset. Good causes and good financial decisions are separate axes, and a project failing would cost you the emergency money too.","هذا يضع كامل مخزونك في أصل غير سائل وغير محمي. فالغرض النبيل والقرار المالي السليم محوران منفصلان، وفشل المشروع سيكلّفك مال الطوارئ أيضاً.",""
"world","community.community-shares#129","Consider whether you can lose the amount and wait for it, then invest only what fits that answer.","انظر إن كنت تستطيع خسارة المبلغ والانتظار، ثم استثمر ما يوافق ذلك فقط.",""
"world","community.community-shares#130","That is the decision the product actually requires. It may be £100 and it may be nothing, and both are respectable. What matters is that the emergency money stays where it can be reached.","هذا هو القرار الذي يتطلبه المنتج فعلاً. وقد يكون ١٠٠ جنيه وقد يكون لا شيء، وكلاهما محترم. والمهم أن يبقى مال الطوارئ في مكان يمكن الوصول إليه.",""
"world","community.community-shares#131","Treat it as a savings account with a better rate.","اعتبرها حساب ادخار بسعر أفضل.",""
"world","community.community-shares#132","That is the exact misunderstanding the rules on these offers exist to prevent. It is not a savings account, the capital is at risk, and the 3% is not a rate you are owed but a hoped-for return.","هذا هو الخطأ الفهمي نفسه الذي وُجدت قواعد هذه العروض لمنعه. فهو ليس حساب ادخار، ورأس المال معرّض للخسارة، و٣٪ ليست سعراً مستحقاً لك بل عائداً مأمولاً.",""
"world","community.community-microfinance#133","Microfinance: what it does, and what it does not","التمويل الأصغر: ما يفعله وما لا يفعله",""
"world","community.community-microfinance#134","Explain why microloans carry high interest rates, and name the documented criticisms alongside the successes.","اشرح سبب ارتفاع أسعار الفائدة على القروض الصغيرة، وسمِّ الانتقادات الموثّقة إلى جانب النجاحات.",""
"world","community.community-microfinance#135","Microfinance is the clearest example in this whole section of a model that genuinely helps some people and genuinely harms others. It is also the one students are most likely to meet through fundraising rather than through a bank, which makes the ability to assess it honestly more useful than a strong opinion about it.","التمويل الأصغر أوضح مثال في هذا القسم كله على نموذج ينفع بعض الناس فعلاً ويضرّ آخرين فعلاً. وهو أيضاً الأكثر ترجيحاً أن يصادفه الطلاب عبر حملات التبرع لا عبر بنك، مما يجعل القدرة على تقييمه بصدق أنفع من تبنّي رأي حاسم بشأنه.",""
"world","community.community-microfinance#136","Small loans, and why they cost more","قروض صغيرة، ولماذا تكلّف أكثر",""
"world","community.community-microfinance#137","Microfinance is the provision of small loans, savings and insurance to people who have no collateral and no formal credit history. The interest rates are much higher than a mortgage, and the reason is arithmetic before it is anything else: the cost of assessing and collecting a loan is roughly the same whether the loan is a hundred pounds or a hundred thousand.","التمويل الأصغر تقديم قروض ومدخرات وتأمين صغيرة لمن لا ضمانات لديه ولا سجل ائتماني رسمي. وأسعار فائدته أعلى بكثير من الرهن العقاري، والسبب حسابي قبل أي شيء آخر: كلفة تقييم القرض وتحصيله متقاربة سواء كان القرض مئة جنيه أو مئة ألف.",""
"world","community.community-microfinance#138","Group lending is the classic mechanism: borrowers guarantee one another, which substitutes social accountability for the collateral they do not have.","الإقراض الجماعي هو الآلية الكلاسيكية: يضمن المقترضون بعضهم بعضاً، فتحلّ المساءلة الاجتماعية محل الضمانات التي لا يملكونها.",""
"world","community.community-microfinance#139","The model is genuinely successful at reaching people that banks do not serve, and it has been replicated in dozens of countries since the 1970s.","النموذج ناجح فعلاً في الوصول إلى من لا تخدمهم البنوك، وقد استُنسخ في عشرات البلدان منذ السبعينيات.",""
"world","community.community-microfinance#140","The same mechanism also means a borrower who cannot repay is pressured by their neighbours as well as by the lender, and that pressure is where much of the documented harm comes from.","الآلية نفسها تعني أيضاً أن المقترض العاجز عن السداد يتعرض لضغط جيرانه إلى جانب ضغط المُقرِض، ومن هذا الضغط يأتي كثير من الضرر الموثّق.",""
"world","community.community-microfinance#141","Where the interest rate goes","إلى أين يذهب سعر الفائدة",""
"world","community.community-microfinance#142","A lender makes 1,000 small loans of £200. The rate looks high next to a mortgage, so it is worth seeing what it covers.","مقرِض يقدّم ١٠٠٠ قرض صغير بقيمة ٢٠٠ جنيه. يبدو السعر مرتفعاً بالمقارنة مع رهن عقاري، فيستحق الأمر رؤية ما يغطّيه.",""
"world","community.community-microfinance#143","Assessing and approving","التقييم والموافقة",""
"world","community.community-microfinance#144","Staff time per loan is similar to a large loan. Spread over £200 instead of £200,000, it is a hundred times more expensive per pound lent.","وقت الموظف لكل قرض مماثل لوقت القرض الكبير. وعند توزيعه على ٢٠٠ جنيه بدل ٢٠٠ ألف، يصبح أغلى مئة مرة لكل جنيه مُقرض.",""
"world","community.community-microfinance#145","Collecting repayments","تحصيل الأقساط",""
"world","community.community-microfinance#146","Weekly collections from a thousand borrowers in person costs far more than a monthly direct debit from one borrower.","التحصيل الأسبوعي من ألف مقترض حضورياً أغلى بكثير من خصم شهري من مقترض واحد.",""
"world","community.community-microfinance#147","Losses","الخسائر",""
"world","community.community-microfinance#148","No collateral means unpaid loans are usually not recovered. That has to be covered by the borrowers who do repay.","غياب الضمانات يعني أن القروض غير المسددة لا تُسترد عادة. ويلزم تغطيتها من المقترضين السدادين.",""
"world","community.community-microfinance#149","Some of the high rate is real cost and some of it is margin, and the proportions are exactly what the criticism is about. The arithmetic explains why it cannot be as cheap as a mortgage; it does not by itself justify how high it goes.","بعض السعر المرتفع كلفة حقيقية وبعضه هامش، والنسب هي بالضبط موضع الانتقاد. والحساب يفسّر لماذا لا يمكن أن يكون رخيصاً كالرهن، لكنه لا يبرّر في ذاته مدى ارتفاعه.",""
"world","community.community-microfinance#150","Sort each statement by whether it is a strength of microfinance or a documented criticism.","صنّف كل عبارة: هل هي قوة في التمويل الأصغر أم انتقاد موثّق؟",""
"world","community.community-microfinance#151","Strength","قوة",""
"world","community.community-microfinance#152","Reaches people banks will not serve","يصل إلى من لا تخدمهم البنوك",""
"world","community.community-microfinance#153","Builds a repayment record where none existed","يبني سجلاً ائتمانياً حيث لم يكن",""
"world","community.community-microfinance#154","Turns social accountability into a substitute for collateral","يحوّل المساءلة الاجتماعية بديلاً عن الضمانات",""
"world","community.community-microfinance#155","Documented criticism","انتقاد موثّق",""
"world","community.community-microfinance#156","Group pressure can become serious social pressure on those who default","قد يتحوّل ضغط المجموعة إلى ضغط اجتماعي شديد على المتعثرين",""
"world","community.community-microfinance#157","Some borrowers take multiple loans and become over-indebted","بعض المقترضين يأخذون قروضاً متعددة فيثقلون بالدين",""
"world","community.community-microfinance#158","Evidence of a lasting effect on income is weaker than the early claims suggested","الأدلة على أثر دائم على الدخل أضعف مما أوحته الادعاءات الأولى",""
"world","community.community-microfinance#159","Why are microfinance interest rates much higher than a mortgage rate?","لماذا أسعار فائدة التمويل الأصغر أعلى بكثير من فائدة الرهن العقاري؟",""
"world","community.community-microfinance#160","The lenders are greedy criminals.","المقرضون مجرمون جشعون.",""
"world","community.community-microfinance#161","The fixed cost of each loan is spread over a very small amount, and there is no collateral for the losses.","الكلفة الثابتة لكل قرض تُوزّع على مبلغ صغير جداً، ولا توجد ضمانات لتحمّل الخسائر.",""
"world","community.community-microfinance#162","There is no competition in those markets.","لا يوجد تنافس في تلك الأسواق.",""
"world","community.community-microfinance#163","The arithmetic is the main reason, and it is a real one. It is also not the whole story: different providers pass on very different margins, which is why some microfinance institutions are heavily criticised while others are not.","الحساب هو السبب الرئيسي وهو سبب حقيقي. لكنه ليس القصة كاملة: المزوّدون المختلفون يمرّرون هوامش مختلفة جداً، ولهذا تُنتقد بعض مؤسسات التمويل الأصغر بشدة وأخرى لا.",""
"world","community.community-microfinance#164","Complete the sentence about how it works.","أكمل الجملة عن كيفية عمله.",""
"world","community.community-microfinance#165","Group lending works by replacing collateral with","الإقراض الجماعي يعمل باستبدال الضمانات بـ",""
"world","community.community-microfinance#166",", which is also the source of its best-documented harm.","، وهو أيضاً مصدر أشهر أضراره الموثّقة.",""
"world","community.community-microfinance#167","mutual social accountability","مساءلة اجتماعية متبادلة",""
"world","community.community-microfinance#168","government guarantees","ضمانات حكومية",""
"world","community.community-microfinance#169","property titles","سندات ملكية",""
"world","community.community-microfinance#170","The same feature that makes it work for people without assets is the feature that makes default an interpersonal problem rather than a purely financial one. That is the honest way to describe both the innovation and the flaw.","الصفة نفسها التي تجعله ناجحاً مع من لا يملكون أصولاً هي التي تجعل التعثر مشكلة بين الأشخاص لا مشكلة مالية محضة. وهذه هي الطريقة الصادقة لوصف الابتكار والعيب معاً.",""
"world","community.community-microfinance#171","A charity asks you to donate so a microloan fund can operate in a country you know well. What would you want to know before giving?","جمعية خيرية تطلب تبرعاً ليعمل صندوق قروض صغيرة في بلد تعرفه جيداً. ما الذي تريد معرفته قبل التبرع؟",""
"world","community.community-microfinance#172","Nothing, microfinance is always good.","لا شيء، فالتمويل الأصغر جيد دائماً.",""
"world","community.community-microfinance#173","That confidence is not supported by the evidence. Randomised studies have found smaller and more mixed effects on income than the early stories suggested, alongside real problems with over-indebtedness.","هذه الثقة لا تسندها الأدلة. فقد وجدت دراسات عشوائية آثاراً أصغر وأكثر اختلاطاً على الدخل مما أوحته القصص الأولى، إلى جانب مشكلات حقيقية من فرط الاستدانة.",""
"world","community.community-microfinance#174","What rate the borrowers pay, who holds the surplus, and what evidence the fund has on outcomes.","ما السعر الذي يدفعه المقترضون، ومن يحتفظ بالفائض، وما الدليل على النتائج.",""
"world","community.community-microfinance#175","Those three questions separate a programme that helps borrowers from one that helps its managers. They are also answerable, which is what makes them worth asking rather than a reason to walk away.","هذه الأسئلة الثلاثة تفصل برنامجاً ينفع المقترضين عن برنامج ينفع مديريه. وهي أيضاً قابلة للإجابة، وهذا ما يجعل طرحها مجدياً بدل أن يكون سبباً للانصراف.",""
"world","community.community-microfinance#176","Is the interest rate zero?","هل سعر الفائدة صفر؟",""
"world","community.community-microfinance#177","Zero-rate lending rarely survives without subsidy, and subsidy can distort a local market for credit. A rate high enough to cover cost is not automatically a bad sign; the number itself needs context.","الإقراض بلا فائدة قلّما يستمر دون دعم، والدعم قد يشوّه سوق الائتمان المحلي. وسعر يكفي لتغطية الكلفة ليس مؤشراً سيئاً بذاته، فالرقم وحده يحتاج سياقاً.",""
